2018-19,2019-20,2020-21,2021-22,2022-23,2023-24,2P,2P%,2PA,3P,3P%,3PA,AST,Age,BLK,DRB,FG,FG%,FGA,FT,FT%,FTA,G,GS,Guaranteed,MP,ORB,PF,PTS,Player,Pos,STL,Signed Using,TOV,TRB,eFG%
30431854,37800000,40824000,43848000,46872000,0,5.4,0.53,10.1,3.7,0.37,10.0,8.8,28,0.7,4.8,9.0,0.45,20.1,8.7,0.86,10.1,72,72,152903854,35.4,0.6,2.3,30.4,James Harden,SG,1.8,Bird Rights,4.4,5.3999999999999995,0.54
6041520,7059480,8930242,0,0,0,4.3,0.46,9.3,0.7,0.25,2.8,1.5,20,0.5,3.3,5.1,0.42,12.1,2.3,0.64,3.6,77,35,13101000,25.4,1.2,2.8,13.1,Josh Jackson,SF,1.0,1st Round Pick,1.9,4.5,0.45
1544951,2305057,0,0,0,0,0.7,0.47,1.5,0.0,0.0,0.0,0.1,22,0.2,0.6,0.7,0.47,1.5,0.2,0.67,0.3,15,0,3850008,5.9,0.3,0.9,1.7,Damian Jones,C,0.1,1st Round pick,0.3,0.8999999999999999,0.47
13045455,11954546,10863637,0,0,0,1.6,0.52,3.1,2.5,0.44,5.7,4.8,30,0.2,3.9,4.1,0.47,8.8,0.8,0.8,1.0,82,81,35863638,31.4,0.3,2.2,11.5,Joe Ingles,SF,1.1,Bird Rights,1.9,4.2,0.61
1740000,2033160,3665787,0,0,0,0.9,0.47,1.9,0.0,0.0,0.3,0.5,20,0.1,1.4,0.9,0.41,2.2,0.4,0.57,0.7,27,3,3773160,7.0,0.6,1.4,2.3,Caleb Swanigan,PF,0.2,1st Round Pick,0.7,2.0,0.41
3000000,0,0,0,0,0,4.7,0.52,9.12,0.5,0.34,1.47,6.23,23,0.33,3.33,5.21,0.49,10.59,1.7,0.63,2.68,126,126,3000000,28.71,1.02,2.31,12.67,Elfrid Payton,PG,1.32,Bi-annual Exception,2.68,4.35,0.52
16539326,17617977,0,0,0,0,4.7,0.59,8.0,0.4,0.4,1.0,1.1,25,0.9,6.2,5.1,0.57,8.9,2.2,0.81,2.7,77,77,16539326,22.4,2.4,2.5,12.7,Jonas Valanciunas,C,0.4,1st Round Pick,1.5,8.6,0.6
327566,0,0,0,0,0,1.0,0.56,1.8,0.0,0.0,0.0,1.2,26,0.8,2.9,1.0,0.56,1.8,0.2,0.5,0.4,67,3,327566,12.0,1.2,1.7,2.1,Eric Moreland,PF,0.5,/,0.6,4.1,0.56
14681317,0,0,0,0,0,2.4,0.52,4.6,0.0,0.0,0.0,0.6,28,0.4,2.7,2.4,0.52,4.6,1.1,0.69,1.6,32,7,14681317,14.4,2.1,1.6,5.9,Kenneth Faried,PF,0.4,/,0.7,4.800000000000001,0.52
1656092,10600000,11400000,12300000,0,0,2.3,0.45,5.1,1.8,0.33,5.4,6.6,24,0.3,2.7,4.1,0.39,10.5,2.7,0.79,3.4,80,58,23656092,28.8,0.5,2.3,12.6,Spencer Dinwiddie,PG,0.9,Minimum Salary,1.6,3.2,0.48
22347015,26000000,24000000,0,0,0,8.8,0.53,16.7,0.4,0.33,1.2,2.0,32,1.2,5.2,9.2,0.51,18.0,4.5,0.85,5.3,75,75,55347015,33.5,3.3,2.1,23.1,LaMarcus Aldridge,C,0.6,Cap Space,1.5,8.5,0.52
8808685,8664928,0,0,0,0,3.6,0.55,6.5,1.6,0.43,3.7,2.3,28,0.1,2.2,5.2,0.51,10.1,0.6,0.75,0.8,82,80,17473613,31.5,0.7,2.2,12.5,E'Twaun Moore,SG,1.0,Cap Space,1.2,2.9000000000000004,0.59
2284769,1645357,0,0,0,0,0.9,0.39,2.3,0.5,0.31,1.6,0.5,21,0.0,1.9,1.4,0.37,3.8,0.7,0.87,0.8,38,0,2712058,8.7,0.3,0.6,4.0,Henry Ellenson,PF,0.1,//,0.5,2.1999999999999997,0.43
1619000,0,0,0,0,0,1.1,0.48,2.3,1.4,0.35,4.0,1.3,22,0.8,2.7,2.5,0.4,6.3,0.4,0.67,0.6,20,1,1619000,16.3,0.6,1.4,6.7,Luke Kornet,PF,0.3,,0.6,3.3000000000000003,0.51
7866667,0,0,0,0,0,3.3,0.5,6.6,0.8,0.35,2.3,1.4,27,0.5,5.8,4.1,0.46,8.9,1.5,0.75,2.0,55,54,7866667,28.0,2.7,2.8,10.3,JaMychal Green,PF,0.6,Bird Rights,1.4,8.5,0.51
3410284,18000000,18000000,18000000,18000000,0,3.8,0.51,7.4,0.9,0.38,2.4,1.3,21,1.8,5.0,4.7,0.48,9.8,2.5,0.78,3.2,65,62,75410284,28.2,1.4,2.9,12.7,Myles Turner,C,0.6,1st round pick,1.5,6.4,0.53
7305825,7815533,0,0,0,0,2.0,0.49,4.1,1.4,0.33,4.29,1.22,27,0.27,2.7,3.4,0.41,8.39,1.52,0.81,1.87,160,94,15121358,26.12,0.73,2.3,9.69,Jae Crowder,SF,0.82,Bird Rights,0.92,3.43,0.49
1795015,0,0,0,0,0,4.3,0.55,7.8,1.1,0.38,2.9,4.7,25,0.1,1.6,5.4,0.5,10.7,1.0,0.62,1.6,36,9,1795015,21.8,0.4,1.2,12.8,Trey Burke,PG,0.7,Minimum Salary,1.2,2.0,0.56
22900000,0,0,0,0,0,4.8,0.64,7.5,0.0,0.0,0.0,1.5,29,0.9,10.9,4.8,0.64,7.5,2.4,0.59,4.1,77,77,22900000,31.5,4.3,2.6,12.0,DeAndre Jordan,C,0.5,,1.8,15.2,0.64
24107258,25102512,0,0,0,0,5.4,0.47,11.4,1.5,0.35,4.3,2.0,25,0.2,5.1,7.0,0.45,15.7,3.4,0.83,4.1,77,77,24107258,34.2,1.0,1.2,18.9,Harrison Barnes,PF,0.6,Cap Space,1.5,6.1,0.49
1378242,1618520,0,0,0,0,1.1,0.52,2.1,0.5,0.33,1.5,0.7,23,0.0,1.7,1.6,0.43,3.7,0.4,0.8,0.5,44,2,1378242,10.8,0.2,0.8,4.1,Damyean Dotson,SG,0.3,Minimum Salary,0.4,1.9,0.5
24605181,26573595,28542009,30510423,32478837,0,5.2,0.54,9.7,1.5,0.41,3.7,6.1,22,0.8,8.1,6.7,0.5,13.5,3.5,0.83,4.2,75,73,142710045,32.6,2.6,2.8,18.5,Nikola Jokic,C,1.2,,2.8,10.7,0.55
20445779,19841627,0,0,0,0,6.2,0.51,12.2,1.2,0.35,3.4,4.9,28,0.4,4.0,7.4,0.47,15.6,6.2,0.86,7.2,59,59,20445779,36.7,1.3,1.3,22.2,Jimmy Butler,SG,2.0,Bird Rights,1.8,5.3,0.51
264919,0,0,0,0,0,0.5,0.62,0.8,0.7,0.39,1.8,0.3,25,0.2,1.3,1.2,0.44,2.7,0.3,0.6,0.5,6,4,264919,13.3,0.5,1.0,3.3,Okaro White,PF,0.2,,0.2,1.8,0.57
1952760,2281800,3872215,0,0,0,1.2,0.6,2.0,1.0,0.37,2.7,0.7,20,0.2,1.9,2.2,0.47,4.7,0.5,0.62,0.8,74,62,4234560,20.0,0.6,1.8,5.9,OG Anunoby,SF,0.7,1st Round Pick,0.6,2.5,0.57
2526840,3481986,0,0,0,0,2.9,0.46,6.3,2.1,0.38,5.6,2.6,23,0.5,4.1,5.1,0.43,11.9,1.9,0.86,2.2,82,82,6008826,30.0,0.6,2.0,14.1,Taurean Waller-Prince,SF,1.0,1st Round pick,2.3,4.699999999999999,0.52
30000000,31500000,0,0,0,0,6.7,0.56,11.9,2.5,0.41,6.1,5.4,29,1.8,6.4,9.3,0.52,18.0,5.3,0.9,5.9,68,68,30000000,34.2,0.5,2.0,26.4,Kevin Durant,PF,0.7,,3.0,6.9,0.59
6300000,0,0,0,0,0,1.4,0.5,2.8,2.0,0.38,5.2,4.6,30,0.1,2.4,3.4,0.42,8.0,0.9,0.9,1.0,45,36,6300000,25.2,0.4,2.3,9.5,Milos Teodosic,PG,0.5,,2.2,2.8,0.55
5757120,7265485,0,0,0,0,5.4,0.49,11.1,0.7,0.39,1.8,3.9,20,0.7,4.4,6.1,0.47,12.9,3.3,0.69,4.8,59,59,13022605,33.5,1.0,2.8,16.1,Brandon Ingram,SF,0.8,1st Round pick,2.5,5.4,0.5
6957105,0,0,0,0,0,1.5,0.43,3.5,1.8,0.37,4.9,1.2,27,0.6,6.2,3.3,0.39,8.4,0.9,0.75,1.2,69,67,6957105,30.0,1.4,2.0,9.3,Al-Farouq Aminu,PF,1.1,Cap Space,1.1,7.6,0.5
2299080,2686560,4137302,0,0,0,4.0,0.6,6.7,0.2,0.33,0.6,1.3,20,1.1,4.9,4.2,0.57,7.4,1.8,0.72,2.5,74,26,4985640,24.1,2.4,2.9,10.5,John Collins,PF,0.6,1st Round Pick,1.4,7.300000000000001,0.58
14357750,0,0,0,0,0,5.3,0.54,9.9,0.1,0.5,0.2,1.9,29,0.8,2.4,5.3,0.52,10.1,1.1,0.79,1.4,64,64,14357750,26.4,2.1,1.7,11.8,Robin Lopez,C,0.2,Cap Space,1.7,4.5,0.53
2947320,3754886,0,0,0,0,3.1,0.66,4.7,0.0,0.0,0.0,0.7,22,1.2,2.8,3.1,0.66,4.7,0.7,0.58,1.2,82,0,6702206,18.6,2.0,2.6,6.9,Jakob Poeltl,C,0.5,1st Round pick,1.0,4.8,0.66
2165481,0,0,0,0,0,0.5,0.42,1.2,0.1,0.1,1.0,0.4,29,0.1,0.8,0.6,0.29,2.1,0.6,0.86,0.7,23,1,2165481,8.5,0.3,1.0,2.0,Quincy Pondexter,SF,0.3,,0.5,1.1,0.31
17868852,18606557,0,0,0,0,2.7,0.48,5.6,0.5,0.29,1.7,2.2,29,0.4,2.7,3.3,0.45,7.3,1.2,0.86,1.4,79,40,36475409,25.7,0.4,2.1,8.2,Evan Turner,SF,0.6,Cap Space,1.3,3.1,0.49
5470920,6392760,8099627,0,0,0,3.8,0.43,8.8,0.6,0.29,2.1,4.4,20,0.3,2.3,4.5,0.41,10.9,1.9,0.7,2.7,73,60,11863680,27.8,0.5,2.2,11.6,De'Aaron Fox,PG,1.0,1st Round Pick,2.4,2.8,0.44
28928710,30123015,0,0,0,0,3.8,0.52,7.3,1.3,0.42,3.1,4.7,31,1.1,5.9,5.1,0.49,10.5,1.3,0.76,1.7,72,72,28928710,31.6,1.4,1.9,12.9,Al Horford,C,0.6,Cap Space,1.8,7.300000000000001,0.55
1567007,1702486,0,0,0,0,2.72,0.57,4.79,0.0,0.0,0.14,0.4,22,0.61,2.31,2.77,0.56,4.93,0.76,0.73,1.04,56,0,1567007,12.6,0.8,1.81,6.3,Jahlil Okafor,C,0.1,Minimum Salary,0.78,3.1100000000000003,0.56
5451600,5711200,0,0,0,0,0.5,0.42,1.2,0.8,0.38,2.1,0.7,28,0.3,2.0,1.3,0.41,3.2,0.5,0.83,0.6,82,3,5451600,15.5,0.4,1.1,3.9,Patrick Patterson,PF,0.6,MLE,0.4,2.4,0.53
92857,92857,92857,92857,92857,92857,0.39,0.53,0.73,0.08,0.17,0.48,0.59,23,0.09,0.49,0.47,0.39,1.21,0.08,0.67,0.12,30,0,557142,5.34,0.3,0.48,1.1,Demetrius Jackson,PG,0.3,,0.7,0.79,0.42
1349383,0,0,0,0,0,0.3,0.75,0.4,0.4,0.31,1.3,1.5,23,0.0,1.0,0.7,0.41,1.7,0.2,0.67,0.3,24,0,1349383,12.7,0.0,0.8,2.0,Ryan Arcidiacono,PG,0.5,Minimum Salary,0.5,1.0,0.53
26011913,27250576,28489239,0,0,0,4.0,0.54,7.4,1.8,0.44,4.1,2.0,24,0.5,5.1,5.8,0.5,11.5,1.4,0.82,1.7,77,77,53262489,31.6,1.3,2.0,14.7,Otto Porter,SF,1.5,Bird Rights,1.0,6.3999999999999995,0.58
1378242,0,0,0,0,0,1.5,0.37,4.1,0.3,0.27,1.1,2.1,21,0.1,1.6,1.9,0.36,5.3,0.8,0.8,1.0,48,4,1378242,16.2,0.2,2.0,4.8,Jawun Evans,PG,0.8,,0.9,1.8,0.39
2000400,0,0,0,0,0,1.1,0.44,2.5,0.0,0.0,0.0,0.53,20,0.39,1.41,1.1,0.44,2.5,0.0,0.0,0.0,34,0,2000400,7.2,0.81,0.73,2.1,Georgios Papagiannis,C,0.21,,0.49,2.2199999999999998,0.44
7333334,7333334,7333333,0,0,0,1.8,0.5,3.61,1.13,0.42,2.68,0.98,26,0.2,1.98,2.9,0.46,6.29,0.78,0.76,1.02,162,8,22000001,21.81,0.5,1.5,7.79,Doug McDermott,SF,0.22,,0.68,2.48,0.55
2500000,0,0,0,0,0,1.49,0.55,2.7,0.8,0.35,2.29,0.68,30,0.4,3.01,2.22,0.44,4.99,0.42,0.6,0.7,146,50,2500000,21.41,1.1,1.52,5.73,Dante Cunningham,SF,0.5,Bi-annual Exception,0.48,4.109999999999999,0.53
19000000,19000000,0,0,0,0,3.9,0.48,8.1,1.2,0.36,3.3,7.0,29,0.3,2.6,5.1,0.45,11.3,2.9,0.85,3.4,70,70,38000000,33.0,0.3,2.4,14.2,Jeff Teague,PG,1.5,Cap space,2.5,2.9,0.5
1378242,0,0,0,0,0,1.6,0.53,3.0,0.0,0.0,0.0,0.8,25,0.5,2.6,1.6,0.53,3.0,1.0,0.67,1.5,42,0,1378242,13.8,1.7,1.3,4.2,Khem Birch,C,0.4,Minimum Salary,0.5,4.3,0.53
3208630,0,0,0,0,0,2.4,0.46,5.2,1.6,0.35,4.6,1.2,22,0.4,3.8,3.9,0.4,9.8,2.4,0.83,2.9,81,11,3208630,27.5,0.7,2.9,11.8,Kelly Oubre,SF,1.0,1st round pick,1.1,4.5,0.48
17325000,18150000,18975000,0,0,0,4.0,0.51,7.8,2.3,0.32,7.2,2.7,25,0.2,3.4,6.3,0.42,15.0,2.6,0.84,3.1,57,54,35475000,33.1,0.6,2.2,17.5,Tim Hardaway,SG,1.1,Cap space,1.6,4.0,0.5
1656092,0,0,0,0,0,4.6,0.46,10.0,2.7,0.59,4.6,3.6,29,0.4,1.9,7.3,0.5,14.6,2.9,0.88,3.3,7,1,1656092,27.6,1.1,0.9,20.1,MarShon Brooks,SG,1.6,,2.3,3.0,0.59
27977689,29802321,31626953,0,0,0,5.4,0.5,10.8,3.1,0.36,8.6,6.6,27,0.4,3.6,8.5,0.44,19.4,6.8,0.92,7.4,73,73,89406963,36.6,0.8,1.6,26.9,Damian Lillard,PG,1.1,1st Round Pick,2.8,4.4,0.52
2470357,0,0,0,0,0,4.8,0.48,9.9,0.2,0.25,0.8,2.5,23,0.7,5.3,5.0,0.47,10.6,3.7,0.8,4.6,68,59,2470357,28.2,1.5,2.1,13.9,Rondae Hollis-Jefferson,SF,1.0,1st Round pick,1.8,6.8,0.48
9000000,8529386,0,0,0,0,2.8,0.49,5.7,1.7,0.4,4.2,3.3,25,0.2,2.5,4.4,0.44,9.9,1.3,0.87,1.5,78,53,17529386,27.9,0.4,2.2,11.8,Bogdan Bogdanovic,SG,0.9,Cap space,1.6,2.9,0.53
1826513,0,0,0,0,0,0.9,0.45,2.0,0.3,0.33,0.9,3.3,27,0.1,1.6,1.2,0.41,2.9,0.4,0.8,0.5,59,11,1826513,14.2,0.3,1.6,3.0,Tim Frazier,PG,0.8,/,1.0,1.9000000000000001,0.47
3360000,0,0,0,0,0,1.0,0.53,1.9,0.0,0.0,0.0,0.8,30,1.2,1.3,1.0,0.53,1.9,0.7,0.78,0.9,63,3,3360000,12.9,1.1,1.7,2.6,Ekpe Udoh,C,0.7,Room Exception,0.3,2.4000000000000004,0.53
1349383,1588231,0,0,0,0,2.0,0.42,4.8,0.8,0.3,2.7,1.1,21,0.1,1.5,2.8,0.37,7.5,1.6,0.76,2.1,19,0,2937614,16.5,0.2,1.0,7.9,Antonio Blakeney,SG,0.4,Minimum Salary,0.6,1.7,0.43
6000000,6000000,0,0,0,0,4.6,0.65,7.1,0.0,0.0,0.1,1.0,24,0.7,2.7,4.6,0.64,7.2,1.8,0.62,2.9,76,3,12000000,17.0,1.4,1.9,11.0,Montrezl Harrell,C,0.5,,0.9,4.1,0.64
25467250,27270000,29290000,31310000,33330000,0,7.0,0.52,13.4,1.0,0.29,3.4,3.2,23,1.8,8.7,8.1,0.48,16.8,5.7,0.77,7.4,63,63,25467250,30.3,2.3,3.3,22.9,Joel Embiid,C,0.6,1st Round Pick,3.7,11.0,0.51
15000000,15625000,16875000,18125000,19375000,0,4.64,0.55,8.51,1.69,0.35,4.89,5.01,28,0.6,3.11,6.33,0.47,13.4,3.41,0.79,4.31,148,148,85000000,31.37,0.71,2.49,17.71,Eric Bledsoe,PG,1.99,Bird Rights,2.91,3.82,0.54
685341,685340,685340,0,0,0,0.2,0.29,0.7,0.0,0.0,0.0,0.1,29,0.0,0.6,0.2,0.29,0.7,0.1,0.33,0.3,21,0,2056021,2.3,0.1,0.5,0.6,Cole Aldrich,C,0.1,,0.0,0.7,0.29
1378242,1618520,0,0,0,0,1.1,0.46,2.4,0.6,0.35,1.7,1.4,24,0.2,3.1,1.7,0.41,4.1,0.9,0.82,1.1,69,4,1378242,16.7,0.4,1.5,5.0,Royce O'Neale,SF,0.5,Cap space,0.8,3.5,0.49
4384616,0,0,0,0,0,1.8,0.39,4.6,2.2,0.35,6.2,2.1,28,0.4,3.6,4.0,0.37,10.9,1.9,0.83,2.3,72,72,4384616,31.5,0.4,1.9,12.2,Justin Holiday,SG,1.1,MLE,1.3,4.0,0.47
21000000,21000000,21000000,0,0,0,6.4,0.53,12.1,2.1,0.36,5.8,4.3,25,0.8,4.6,8.5,0.47,17.9,3.9,0.8,4.9,75,75,63000000,34.0,0.6,2.3,23.1,Victor Oladipo,SG,2.4,1st Round Pick,2.9,5.199999999999999,0.53
7969537,8349039,7969537,0,0,0,0.7,0.44,1.6,1.4,0.37,3.8,0.9,32,0.3,4.4,2.1,0.39,5.4,0.5,0.71,0.7,82,34,18887764,27.8,1.1,2.5,6.1,P.J. Tucker,PF,1.0,MLE,0.9,5.5,0.52
2166360,3321030,0,0,0,0,0.6,0.6,1.0,0.6,0.3,2.0,0.5,22,0.1,1.4,1.2,0.4,3.0,0.4,0.8,0.5,25,3,5487390,11.1,0.7,1.0,3.3,Juan Hernangomez,PF,0.2,1st Round pick,0.4,2.0999999999999996,0.5
1544951,0,0,0,0,0,1.2,0.57,2.1,0.8,0.42,1.9,0.9,26,0.2,1.2,2.0,0.49,4.1,0.2,0.5,0.4,18,2,1544951,16.6,0.6,1.2,5.1,Rodney McGruder,SG,0.4,Minimum Salary,0.2,1.7999999999999998,0.59
35654150,38506482,41358814,44211146,0,0,3.8,0.53,7.2,2.5,0.38,6.5,7.9,32,0.2,4.8,6.3,0.46,13.8,3.5,0.92,3.8,58,58,159730592,31.8,0.6,2.4,18.6,Chris Paul,PG,1.7,,2.2,5.3999999999999995,0.55
7464912,0,0,0,0,0,0.7,0.54,1.3,0.4,0.33,1.2,0.5,29,0.2,0.6,1.2,0.48,2.5,0.1,0.5,0.2,19,1,7464912,7.4,0.2,1.2,2.8,Darrell Arthur,PF,0.4,,0.8,0.8,0.56
2500000,0,0,0,0,0,2.3,0.53,4.3,2.0,0.44,4.5,1.5,26,0.2,2.0,4.3,0.49,8.8,0.6,0.75,0.8,62,52,2500000,27.9,0.4,1.1,11.3,Reggie Bullock,SF,0.8,Cap space,0.8,2.4,0.6
7945000,0,0,0,0,0,2.3,0.46,5.0,0.8,0.35,2.3,3.2,26,0.2,2.7,3.1,0.42,7.4,0.9,0.82,1.1,82,17,7945000,27.0,0.5,1.7,7.9,Cory Joseph,PG,1.0,Cap Space,1.1,3.2,0.47
25434263,27093019,28751775,0,0,0,6.0,0.54,11.2,0.0,0.0,0.1,3.0,24,1.6,10.9,6.0,0.53,11.3,3.1,0.61,5.1,78,78,52527282,33.7,5.1,3.2,15.0,Andre Drummond,C,1.5,Cap Space,2.6,16.0,0.53
200000,0,0,0,0,0,2.4,0.47,5.1,0.8,0.32,2.5,3.2,23,0.5,1.9,3.2,0.42,7.7,2.2,0.79,2.8,56,46,200000,23.7,0.4,2.5,9.5,Andrew Harrison,PG,0.7,,1.4,2.3,0.47
12000000,12960000,0,0,0,0,4.01,0.44,9.19,1.64,0.37,4.43,2.03,27,0.2,2.03,5.6,0.41,13.62,1.37,0.77,1.79,92,92,12000000,31.18,0.5,2.0,14.27,Avery Bradley,SG,1.12,,2.18,2.53,0.47
8739500,0,0,0,0,0,3.1,0.56,5.5,0.0,0.0,0.0,1.2,28,0.5,4.5,3.1,0.56,5.5,0.5,0.5,1.0,71,13,8739500,19.6,2.1,2.1,6.7,Kosta Koufos,C,0.7,Cap Space,0.7,6.6,0.56
311070,0,0,0,0,0,1.0,0.5,2.0,1.5,0.37,4.1,0.5,32,0.1,1.3,2.5,0.41,6.1,0.7,0.87,0.8,80,8,311070,17.4,0.3,1.3,7.3,Nick Young,SG,0.5,,0.5,1.6,0.53
7000000,7000000,0,0,0,0,0.9,0.6,1.5,1.2,0.36,3.3,1.0,25,0.4,1.8,2.1,0.44,4.8,0.5,0.83,0.6,77,10,14000000,14.1,0.2,1.2,5.9,Davis Bertans,PF,0.3,Early Bird Rights,0.5,2.0,0.56
4449000,0,0,0,0,0,2.9,0.6,4.8,0.1,0.5,0.2,2.1,27,1.3,4.5,2.9,0.58,5.0,1.3,0.81,1.6,77,10,4449000,18.0,1.6,2.5,7.1,Kyle O'Quinn,C,0.5,Room Exception,1.3,6.1,0.59
3206160,0,0,0,0,0,2.0,0.5,4.0,0.8,0.31,2.6,1.2,20,1.0,4.4,2.8,0.42,6.6,1.3,0.59,2.2,72,49,3206160,21.2,1.1,2.8,7.7,Marquese Chriss,PF,0.7,1st Rd pick,1.5,5.5,0.48
1378252,0,0,0,0,0,2.0,0.62,3.2,0.0,0.0,0.1,1.8,23,1.0,2.6,2.0,0.62,3.2,0.5,0.62,0.8,57,13,1378252,14.2,1.1,1.6,4.6,Jordan Bell,C,0.6,Minimum Salary,0.9,3.7,0.62
10837079,11511234,0,0,0,0,1.7,0.57,3.0,0.8,0.4,2.0,0.9,24,0.7,2.0,2.5,0.5,5.0,0.7,0.7,1.0,59,36,22348313,21.4,0.8,1.7,6.5,Maurice Harkless,SF,0.8,Cap Space,0.7,2.8,0.58
3440358,0,0,0,0,0,2.1,0.42,5.0,1.4,0.39,3.6,4.5,23,0.4,2.0,3.5,0.41,8.6,0.5,0.83,0.6,25,14,3440358,23.3,0.7,1.8,8.8,Cameron Payne,PG,1.0,/,1.4,2.7,0.49
3382000,0,0,0,0,0,3.5,0.56,6.3,1.5,0.34,4.4,1.7,29,1.3,3.0,5.0,0.47,10.7,1.5,0.71,2.1,74,72,3382000,23.4,1.0,2.6,13.0,Brook Lopez,C,0.4,Bi-annual Exception,1.3,4.0,0.54
14720000,15680000,0,0,0,0,1.2,0.44,2.7,1.8,0.38,4.8,1.8,32,0.1,2.6,3.0,0.41,7.4,0.5,0.71,0.7,80,61,18590000,28.1,0.4,2.0,8.3,J.R. Smith,SG,0.9,Bird Rights,1.0,3.0,0.53
27739975,27739975,27739975,0,0,0,7.0,0.5,14.1,1.1,0.31,3.6,5.2,28,0.3,3.2,8.1,0.46,17.7,5.8,0.83,7.0,80,80,55479950,33.9,0.7,1.9,23.0,DeMar DeRozan,SG,1.1,Cap Space,2.2,3.9000000000000004,0.49
12253780,12759670,0,0,0,0,3.0,0.48,6.3,1.5,0.41,3.7,2.4,32,0.2,2.6,4.5,0.45,9.9,1.5,0.94,1.6,76,69,25013450,30.4,0.4,1.4,12.0,Courtney Lee,SG,1.1,Cap Space,1.1,3.0,0.53
11830358,12960000,13920000,14880000,0,0,3.8,0.51,7.5,1.9,0.37,5.2,4.1,27,0.6,4.2,5.7,0.45,12.7,2.2,0.79,2.8,81,40,38710358,33.1,0.9,2.1,15.7,Will Barton,SG,1.0,,1.8,5.1000000000000005,0.52
1600520,0,0,0,0,0,2.4,0.51,4.7,0.4,0.5,0.8,4.0,25,0.2,2.5,2.8,0.51,5.5,0.4,0.8,0.5,76,1,1600520,22.4,0.5,1.6,6.3,T.J. McConnell,PG,1.2,Minimum Salary,1.5,3.0,0.55
2393887,0,0,0,0,0,0.7,0.7,1.0,0.0,0.0,0.0,0.6,33,0.5,2.2,0.7,0.7,1.0,0.1,1.0,0.1,24,5,2393887,9.0,1.1,1.7,1.5,Andrew Bogut,C,0.2,Minimum Salary,0.8,3.3000000000000003,0.7
2272391,12727273,11709091,10690909,9672727,0,3.6,0.59,6.07,0.0,0.0,0.19,1.23,25,0.6,4.41,3.62,0.58,6.28,1.39,0.66,2.1,132,54,47072391,21.53,2.43,2.61,8.7,Larry Nance,C,1.31,1st Round pick,0.79,6.84,0.58
11660716,12553471,13446428,14339285,0,0,2.1,0.43,4.9,1.4,0.3,4.6,4.8,23,0.4,2.7,3.5,0.37,9.5,1.8,0.72,2.5,54,11,51999900,29.9,0.8,2.5,10.2,Marcus Smart,SG,1.3,,2.4,3.5,0.44
25467250,27270000,29290000,31310000,33330000,0,5.6,0.48,11.7,1.4,0.34,4.1,2.0,22,0.6,3.4,6.9,0.43,15.9,2.5,0.66,3.8,82,82,146667250,36.3,1.0,2.0,17.7,Andrew Wiggins,SF,1.1,1st Round Pick,1.7,4.4,0.48
2500000,0,0,0,0,0,2.1,0.5,4.2,1.0,0.33,3.0,2.5,40,0.2,1.9,3.1,0.44,7.1,1.7,0.85,2.0,65,0,2500000,20.0,0.3,1.9,8.9,Manu Ginobili,SG,0.7,,1.6,2.1999999999999997,0.51
1544951,2321735,0,0,0,0,3.2,0.45,7.1,0.1,0.25,0.4,2.9,21,0.4,4.3,3.3,0.44,7.5,1.3,0.72,1.8,81,48,3866686,21.5,1.4,1.9,8.1,Dejounte Murray,PG,1.2,1st Round pick,1.7,5.699999999999999,0.45
2659800,3529555,0,0,0,0,4.4,0.52,8.4,0.2,0.4,0.5,2.0,21,0.4,5.5,4.6,0.52,8.9,2.3,0.77,3.0,74,19,6189355,24.5,2.2,3.0,11.6,Domantas Sabonis,C,0.5,1st Round pick,1.9,7.7,0.53
5697054,0,0,0,0,0,6.3,0.46,13.8,1.9,0.4,4.8,1.2,22,2.4,5.3,8.1,0.44,18.5,4.5,0.79,5.7,48,48,5697054,32.4,1.3,2.9,22.7,Kristaps Porzingis,PF,0.8,1st round pick,1.9,6.6,0.49
506134,0,0,0,0,0,0.2,0.29,0.7,0.1,0.09,1.1,0.1,22,0.8,0.9,0.3,0.17,1.8,0.4,0.57,0.7,18,0,506134,6.9,0.3,0.8,1.2,Zhou Qi,C,0.1,,0.6,1.2,0.19
1740000,0,0,0,0,0,0.2,0.25,0.8,0.4,0.33,1.2,0.3,20,0.1,0.6,0.6,0.3,2.0,0.1,0.33,0.3,14,0,1740000,5.7,0.1,0.9,1.6,Furkan Korkmaz,SG,0.1,1st Round Pick,0.1,0.7,0.4
21666667,23271604,0,0,0,0,3.6,0.56,6.4,1.4,0.36,3.9,0.8,28,1.3,5.3,5.0,0.49,10.3,1.2,0.75,1.6,76,76,44938271,27.5,1.0,2.8,12.6,Serge Ibaka,PF,0.4,Cap space,1.2,6.3,0.55
24107258,25102511,0,0,0,0,1.6,0.52,3.1,1.4,0.41,3.4,1.9,29,0.3,2.1,3.0,0.46,6.5,0.5,0.62,0.8,36,8,49209769,19.2,0.4,1.5,7.9,Chandler Parsons,SF,0.5,Cap Space,1.0,2.5,0.57
23241573,25008427,26525281,0,0,0,4.9,0.62,7.9,0.0,0.0,0.0,1.4,25,2.3,7.8,4.9,0.62,7.9,3.6,0.68,5.3,56,56,74775281,32.4,2.9,2.7,13.5,Rudy Gobert,C,0.8,1st Round Pick,1.9,10.7,0.62
6134520,0,0,0,0,0,1.2,0.46,2.6,0.8,0.33,2.4,0.8,30,0.8,2.5,2.0,0.4,5.0,0.6,0.75,0.8,74,40,6134520,20.1,0.4,2.0,5.4,Wesley Johnson,SF,1.0,,0.7,2.9,0.48
24256725,5603850,0,0,0,0,6.2,0.55,11.2,0.0,0.0,0.1,1.3,32,1.6,9.3,6.2,0.55,11.2,4.1,0.57,7.2,81,81,29860575,30.4,3.1,3.1,16.6,Dwight Howard,C,0.6,/MLE,2.6,12.4,0.55
1679520,1962360,3542060,0,0,0,0.3,0.27,1.1,0.0,0.0,0.1,0.1,20,0.0,0.8,0.3,0.25,1.2,0.2,1.0,0.2,9,0,3641880,3.2,0.4,0.1,0.9,Tony Bradley,C,0.0,1st Round Pick,0.0,1.2000000000000002,0.25
16747954,4990000,4990000,4990000,0,0,1.0,0.5,2.0,0.0,0.0,0.0,1.0,32,0.0,0.0,1.0,0.5,2.0,0.0,0.0,0.0,1,1,31717954,13.0,0.0,0.0,2.0,Luol Deng,SF,1.0,/,1.0,0.0,0.5
2393887,0,0,0,0,0,0.8,0.53,1.5,0.8,0.47,1.7,2.1,36,0.0,1.2,1.6,0.5,3.2,0.4,0.8,0.5,57,32,2393887,16.0,0.2,1.4,4.5,Jose Calderon,PG,0.5,Minimum Salary,0.7,1.4,0.62
1544951,0,0,0,0,0,1.4,0.5,2.8,0.0,0.0,0.0,0.6,20,0.3,1.8,1.4,0.5,2.8,0.9,0.75,1.2,43,0,1544951,9.5,1.0,1.1,3.7,Ivica Zubac,C,0.2,Cap Space,0.6,2.8,0.5
1378242,1618520,0,0,0,0,3.0,0.48,6.2,1.1,0.34,3.2,1.6,22,0.2,2.5,4.1,0.44,9.4,1.5,0.75,2.0,82,74,1378242,28.7,0.6,2.8,11.0,Dillon Brooks,SF,0.9,MLE,1.5,3.1,0.49
14975000,0,0,0,0,0,3.2,0.44,7.2,1.2,0.34,3.5,5.3,27,0.1,4.0,4.5,0.42,10.7,2.9,0.88,3.3,77,77,14975000,29.3,0.6,2.7,13.1,Ricky Rubio,PG,1.6,1st Round Pick,2.7,4.6,0.48
2393887,0,0,0,0,0,2.1,0.64,3.3,0.0,0.0,0.1,0.5,30,0.9,1.7,2.1,0.62,3.4,0.6,0.75,0.8,65,17,2393887,9.5,0.9,1.4,4.8,JaVale McGee,C,0.3,Minimum Salary,0.4,2.6,0.62
10464092,11301219,12138345,12975471,0,0,1.8,0.5,3.6,2.5,0.36,6.9,2.0,27,0.9,4.7,4.3,0.41,10.5,1.5,0.88,1.7,80,80,46879127,31.7,0.7,3.0,12.6,Robert Covington,SF,1.7,Cap Space,1.6,5.4,0.53
2150000,2150000,0,0,0,0,1.2,0.48,2.5,0.5,0.45,1.1,1.8,25,0.1,1.0,1.7,0.46,3.7,0.6,0.67,0.9,41,0,2150000,12.1,0.2,0.9,4.5,Raul Neto,PG,0.3,,0.9,1.2,0.53
15500000,15500000,15500000,0,0,0,6.3,0.48,13.2,1.1,0.28,3.9,6.2,24,0.1,2.4,7.5,0.44,17.1,3.4,0.85,4.0,67,67,46500000,31.0,0.7,2.2,19.4,Dennis Schroder,PG,1.1,1st Round Pick,2.7,3.0999999999999996,0.47
800000,0,0,0,0,0,0.9,0.56,1.6,0.1,0.11,0.9,0.9,27,0.0,1.0,1.0,0.42,2.4,0.1,1.0,0.1,14,0,800000,9.9,0.1,0.5,2.3,Lorenzo Brown,PG,0.4,,0.2,1.1,0.44
3029463,0,0,0,0,0,1.9,0.48,4.0,0.7,0.35,2.0,3.9,27,0.1,2.1,2.6,0.43,6.0,1.0,0.71,1.4,69,3,3029463,19.8,0.3,1.3,6.9,Shelvin Mack,PG,0.8,Minimum Salary/,1.3,2.4,0.49
2393887,0,0,0,0,0,1.8,0.58,3.1,0.1,0.25,0.4,1.6,30,0.6,2.8,1.9,0.54,3.5,0.7,0.64,1.1,74,18,2393887,15.8,1.7,2.6,4.6,Amir Johnson,C,0.6,Minimum Salary,0.7,4.5,0.56
19000000,18000000,0,0,0,0,2.27,0.49,4.6,1.26,0.41,3.09,2.8,31,0.4,2.08,3.53,0.46,7.69,1.63,0.78,2.09,134,120,20000000,27.03,0.6,1.89,9.99,George Hill,PG,0.9,Cap space,1.31,2.68,0.54
4320500,0,0,0,0,0,1.7,0.61,2.8,1.0,0.36,2.8,0.9,31,0.4,2.7,2.7,0.47,5.7,1.1,0.69,1.6,61,15,4320500,25.6,0.4,1.6,7.5,Luc Mbah a Moute,PF,1.2,,1.1,3.1,0.56
17000000,17000000,0,0,0,0,2.2,0.51,4.3,0.0,0.0,0.0,0.8,25,1.2,4.0,2.2,0.51,4.3,1.2,0.63,1.9,82,25,34000000,18.2,1.8,1.9,5.7,Bismack Biyombo,C,0.3,Cap Space,1.0,5.8,0.51
2444053,0,0,0,0,0,1.3,0.54,2.4,0.5,0.31,1.6,2.8,21,0.1,1.4,1.8,0.45,4.0,0.9,0.9,1.0,82,11,2444053,17.9,0.2,1.3,5.1,Tyus Jones,PG,1.2,1st Round pick,0.7,1.5999999999999999,0.51
1349383,1588231,0,0,0,0,0.4,1.0,0.4,0.2,0.33,0.6,0.1,25,0.1,0.4,0.6,0.55,1.1,0.1,0.5,0.2,14,0,1349383,3.8,0.1,0.6,1.5,Alfonzo McKinnie,SF,0.1,Minimum Salary,0.2,0.5,0.64
2639314,0,0,0,0,0,2.0,0.47,4.3,0.8,0.32,2.5,4.6,25,0.1,1.9,2.8,0.41,6.8,1.9,0.76,2.5,74,26,2639314,22.8,0.4,1.8,8.4,Jerian Grant,PG,0.9,1st Round pick,1.2,2.3,0.47
76236,0,0,0,0,0,2.2,0.47,4.7,0.3,0.25,1.2,2.1,20,0.2,1.1,2.5,0.42,5.9,0.8,1.0,0.8,32,12,76236,20.1,0.4,1.9,6.1,Kobi Simmons,PG,0.6,,1.4,1.5,0.45
1378242,0,0,0,0,0,0.5,0.28,1.8,0.5,0.28,1.8,0.6,22,0.1,1.8,1.0,0.28,3.6,0.4,0.67,0.6,21,1,1378242,11.5,0.1,0.8,3.0,Davon Reed,SG,0.5,,0.5,1.9000000000000001,0.35
9367200,10100000,10800000,11600000,0,0,3.4,0.5,6.8,1.6,0.39,4.1,2.9,24,0.9,2.7,4.9,0.45,10.9,1.5,0.83,1.8,81,81,30267200,33.2,0.9,2.5,12.9,Josh Richardson,SF,1.5,Minimum Salary,1.7,3.6,0.52
15944154,15450051,0,0,0,0,1.8,0.56,3.2,0.0,0.0,0.0,0.7,31,0.5,2.3,1.8,0.56,3.2,1.2,0.71,1.7,77,0,31394205,14.9,1.8,3.0,4.8,Ian Mahinmi,C,0.5,Cap Space,1.3,4.1,0.56
1512601,1645357,0,0,0,0,0.9,0.45,2.0,0.6,0.4,1.5,0.9,24,0.0,1.3,1.5,0.43,3.5,0.7,0.78,0.9,63,2,1512601,16.7,0.7,1.7,4.3,Treveon Graham,SG,0.5,Minimum Salary,0.4,2.0,0.51
1544951,0,0,0,0,0,2.3,0.51,4.5,1.4,0.44,3.2,2.7,24,0.0,2.2,3.7,0.49,7.6,0.7,0.87,0.8,33,18,1544951,22.4,0.3,1.8,9.5,Quinn Cook,PG,0.4,,1.0,2.5,0.58
1349383,0,0,0,0,0,0.9,0.6,1.5,0.2,0.4,0.5,0.6,23,0.1,1.0,1.2,0.6,2.0,0.5,0.5,1.0,13,1,1349383,8.8,0.5,0.5,3.0,Jabari Bird,SG,0.2,,0.6,1.5,0.65
25976111,26131111,26131111,27020000,0,0,6.1,0.55,11.0,1.5,0.34,4.4,6.0,27,0.8,3.7,7.6,0.49,15.4,2.3,0.79,2.9,81,81,78238333,36.1,0.8,2.5,19.0,Jrue Holiday,SG,1.5,Bird Rights,2.6,4.5,0.54
85458,0,0,0,0,0,1.02,0.48,2.12,0.3,0.27,1.1,0.92,25,0.12,1.32,1.3,0.4,3.22,0.13,0.32,0.4,46,12,85458,9.61,0.57,1.3,2.99,Gary Payton,PG,0.32,,0.32,1.8900000000000001,0.45
15627467,5100000,0,0,0,0,3.2,0.48,6.6,0.6,0.37,1.6,3.1,37,1.0,6.4,3.7,0.46,8.1,2.1,0.78,2.7,77,63,20727467,23.5,1.7,1.6,10.1,Pau Gasol,C,0.3,/,1.4,8.1,0.49
1378242,1618520,1752950,0,0,0,0.3,0.33,0.9,0.5,0.29,1.7,0.3,23,0.1,1.7,0.9,0.35,2.6,0.3,0.5,0.6,73,0,1378242,15.8,0.5,1.2,2.7,Semi Ojeleye,PF,0.3,,0.3,2.2,0.44
24157304,25842697,27528090,0,0,0,5.9,0.63,9.3,0.0,0.0,0.0,1.2,24,1.0,4.0,5.9,0.63,9.4,2.1,0.55,3.8,76,76,77528091,32.7,5.1,2.8,13.9,Steven Adams,C,1.2,1st Round Pick,1.7,9.1,0.63
1567007,0,0,0,0,0,1.7,0.61,2.8,0.0,0.0,0.1,0.6,21,0.8,2.0,1.7,0.59,2.9,0.6,0.5,1.2,66,4,1567007,13.8,1.3,1.6,4.0,Kevon Looney,C,0.5,,0.5,3.3,0.59
17469565,18539130,0,0,0,0,2.5,0.57,4.4,0.0,0.0,0.0,0.6,26,0.3,4.3,2.5,0.57,4.4,0.8,0.53,1.5,53,22,36008695,20.2,2.4,1.9,5.8,Tristan Thompson,C,0.3,Bird Rights,0.7,6.699999999999999,0.57
4320500,0,0,0,0,0,2.8,0.58,4.8,0.9,0.43,2.1,1.1,29,0.1,2.6,3.6,0.52,6.9,0.7,0.7,1.0,76,1,4320500,18.5,0.7,1.9,8.8,Mike Scott,PF,0.3,MLE,1.0,3.3,0.59
14087500,15006250,0,0,0,0,1.7,0.52,3.3,1.6,0.41,3.9,1.2,31,0.5,3.8,3.3,0.46,7.2,1.3,0.81,1.6,78,78,14087500,25.7,0.9,1.5,9.5,Marvin Williams,PF,0.7,Cap Space,0.8,4.7,0.57
7250000,7250000,0,0,0,0,1.7,0.47,3.6,1.5,0.42,3.6,3.8,30,0.0,1.7,3.3,0.46,7.2,2.2,0.88,2.5,75,36,14500000,23.5,0.4,1.3,10.2,D.J. Augustin,PG,0.7,Cap Space,1.6,2.1,0.56
23114067,21329752,0,0,0,0,4.6,0.55,8.4,1.2,0.31,3.9,2.3,26,1.0,4.0,5.8,0.47,12.3,3.4,0.81,4.2,9,9,23114067,23.3,0.7,1.0,16.2,Kawhi Leonard,SF,2.0,Bird Rights,1.8,4.7,0.52
3447480,4028400,5345687,0,0,0,1.1,0.38,2.9,1.3,0.33,3.9,1.4,19,0.1,0.9,2.4,0.36,6.7,0.5,0.83,0.6,63,0,7475880,13.6,0.1,1.0,6.7,Malik Monk,SG,0.3,1st Round Pick,0.8,1.0,0.46
2034120,2376840,3909902,0,0,0,3.2,0.6,5.3,0.1,0.5,0.2,0.7,19,1.2,3.4,3.3,0.6,5.5,1.6,0.8,2.0,72,31,4410960,20.0,2.0,2.0,8.2,Jarrett Allen,C,0.4,1st Round Pick,1.1,5.4,0.61
19245370,19245370,0,0,0,0,2.6,0.48,5.4,1.7,0.38,4.5,2.3,25,0.5,3.0,4.3,0.43,9.9,1.5,0.83,1.8,72,39,19245370,28.5,0.5,2.1,11.7,Tyler Johnson,PG,0.8,Cap Space,1.1,3.5,0.52
24119025,28900000,31300000,31300000,28900000,0,3.3,0.49,6.8,2.3,0.41,5.6,1.7,29,0.4,7.5,5.7,0.46,12.4,4.0,0.89,4.5,59,59,144519025,28.0,1.7,2.0,17.6,Kevin Love,C,0.7,Bird Rights,1.5,9.2,0.55
10002681,9508043,0,0,0,0,1.9,0.46,4.1,0.0,0.0,0.4,0.6,28,0.4,3.1,1.9,0.42,4.5,1.6,0.84,1.9,8,0,19510724,17.0,0.9,2.0,5.4,Jon Leuer,PF,0.1,Cap Space,0.9,4.0,0.42
11550000,12100000,12650000,0,0,0,3.7,0.46,8.0,1.7,0.3,5.7,3.8,26,0.3,2.3,5.4,0.39,13.7,1.7,0.74,2.3,30,30,36300000,30.6,0.3,2.0,14.3,Dion Waiters,SG,0.8,Cap space,2.3,2.5999999999999996,0.46
7000000,7000000,7000000,0,0,0,2.7,0.52,5.2,1.3,0.35,3.68,1.3,30,0.4,4.17,4.0,0.45,8.88,1.52,0.76,2.0,138,86,14000000,25.07,1.7,2.28,10.88,Ersan Ilyasova,PF,0.9,MLE,1.02,5.87,0.52
14651700,15349400,16047100,0,0,0,3.5,0.59,5.9,0.8,0.32,2.5,3.8,30,0.7,4.1,4.2,0.5,8.4,1.5,0.68,2.2,73,41,30001100,26.6,0.8,2.6,10.8,James Johnson,PF,1.0,Cap space,1.9,4.8999999999999995,0.55
7000000,7333333,0,0,0,0,0.9,0.43,2.1,1.3,0.34,3.8,1.0,26,0.1,1.4,2.2,0.37,5.9,0.6,0.86,0.7,58,2,14333333,14.9,0.2,0.7,6.2,Langston Galloway,SG,0.6,MLE,0.3,1.5999999999999999,0.48
5331729,5331729,0,0,0,0,0.3,0.23,1.3,0.0,0.0,0.0,0.0,32,0.0,0.3,0.3,0.23,1.3,0.0,0.0,0.0,3,0,10663458,4.0,1.0,1.0,0.7,Josh Smith,PF,0.0,,0.0,1.3,0.23
3050390,0,0,0,0,0,2.0,0.4,5.0,1.9,0.38,5.0,2.9,23,0.2,3.9,4.0,0.4,10.0,1.4,0.74,1.9,80,16,3050390,25.9,0.8,1.5,11.3,Terry Rozier,PG,1.0,1st round pick,1.0,4.7,0.5
3628920,4240200,5406255,0,0,0,1.2,0.44,2.7,0.5,0.29,1.7,0.8,20,0.5,2.7,1.7,0.39,4.4,0.4,0.67,0.6,66,1,7869120,15.8,0.7,2.0,4.4,Zach Collins,C,0.3,1st Round Pick,0.9,3.4000000000000004,0.44
32088932,34234964,36595996,38957028,0,0,5.61,0.48,11.59,1.9,0.34,5.59,5.77,28,0.32,6.11,7.49,0.44,17.18,4.48,0.79,5.68,116,116,102919892,33.97,1.29,2.4,21.4,Blake Griffin,PF,0.69,Bird Rights,2.81,7.4,0.49
12800562,0,0,0,0,0,2.6,0.5,5.2,1.2,0.36,3.3,2.1,30,0.5,4.0,3.8,0.45,8.5,1.2,0.8,1.5,74,71,12800562,31.7,1.4,2.1,10.0,Wilson Chandler,SF,0.6,,1.2,5.4,0.52
1544951,2338847,0,0,0,0,3.1,0.46,6.8,0.3,0.33,0.9,1.2,21,0.8,3.2,3.4,0.45,7.6,1.6,0.8,2.0,60,28,3883798,20.7,1.7,2.2,8.7,Skal Labissiere,PF,0.4,1st Round pick,1.2,4.9,0.47
25434263,27093019,28751775,0,0,0,9.7,0.56,17.3,0.7,0.32,2.2,2.3,24,2.6,8.6,10.4,0.53,19.5,6.6,0.82,8.0,75,75,52527282,36.4,2.5,2.1,28.1,Anthony Davis,PF,1.5,1st Round Pick,2.2,11.1,0.55
11011234,0,0,0,0,0,1.1,0.48,2.3,0.5,0.26,1.9,1.2,27,0.3,2.4,1.6,0.39,4.1,0.8,0.73,1.1,14,6,11011234,19.7,0.5,1.6,4.4,Iman Shumpert,SG,0.6,Bird Rights,1.1,2.9,0.45
2393887,0,0,0,0,0,0.1,0.2,0.5,0.1,0.17,0.6,0.4,37,0.1,0.5,0.2,0.18,1.1,0.1,1.0,0.1,14,0,2393887,5.1,0.2,0.2,0.6,Udonis Haslem,C,0.0,Minimum Salary,0.1,0.7,0.23
17000000,17000000,17000000,0,0,0,4.2,0.51,8.2,2.2,0.37,5.9,2.9,25,0.3,2.8,6.5,0.46,14.1,2.6,0.87,3.0,57,57,34000000,32.2,0.4,2.4,17.8,Evan Fournier,SF,0.8,Cap Space,1.7,3.1999999999999997,0.54
30521116,32511623,34504132,0,0,0,3.3,0.43,7.6,2.0,0.31,6.4,4.1,30,0.3,2.3,5.3,0.38,14.0,4.4,0.8,5.5,12,12,85459122,31.1,0.0,2.0,17.1,Mike Conley,PG,1.0,Cap Space,1.5,2.3,0.45
14800000,0,0,0,0,0,4.72,0.49,9.69,2.31,0.41,5.6,2.42,25,0.41,4.7,7.03,0.46,15.29,2.22,0.83,2.69,160,160,14800000,33.38,0.73,2.08,18.59,Tobias Harris,PF,0.9,Bird Rights,1.32,5.43,0.54
5455236,0,0,0,0,0,0.4,0.44,0.9,1.1,0.38,2.9,0.4,24,0.1,1.2,1.5,0.38,3.9,0.5,0.83,0.6,75,8,5455236,15.1,0.3,1.7,4.7,Alex Abrines,SG,0.5,,0.3,1.5,0.53
2000000,2100000,0,0,0,0,1.2,0.6,2.0,0.4,0.27,1.5,0.6,27,0.4,2.2,1.6,0.46,3.5,0.6,0.67,0.9,39,5,4100000,16.1,1.0,1.6,4.2,Torrey Craig,SF,0.3,MLE,0.5,3.2,0.51
19276070,0,0,0,0,0,5.9,0.59,10.0,0.0,0.0,0.0,1.5,25,0.5,7.1,5.9,0.59,10.0,2.2,0.85,2.6,71,71,19276070,25.8,3.8,2.6,14.1,Enes Kanter,C,0.5,/,1.7,10.899999999999999,0.59
21587579,22615559,0,0,0,0,3.1,0.45,6.9,1.7,0.32,5.3,2.0,29,0.5,4.4,4.9,0.4,12.2,3.9,0.95,4.1,21,21,44203138,32.0,0.4,1.4,15.3,Danilo Gallinari,SF,0.6,Sign and Trade,1.2,4.800000000000001,0.47
2280600,3377569,0,0,0,0,2.1,0.46,4.6,1.9,0.4,4.8,3.2,24,0.1,4.5,3.9,0.41,9.4,0.5,0.71,0.7,77,37,5658169,27.2,0.6,2.4,10.2,Denzel Valentine,SG,0.8,1st Round pick,1.3,5.1,0.52
7461960,8719320,11003782,0,0,0,2.2,0.42,5.2,1.7,0.3,5.7,7.2,20,0.8,5.6,3.9,0.36,10.8,0.6,0.43,1.4,52,50,16181280,34.2,1.3,2.3,10.2,Lonzo Ball,PG,1.7,1st Round Pick,2.6,6.8999999999999995,0.44
3500000,0,0,0,0,0,5.1,0.53,9.7,0.5,0.42,1.2,1.7,29,0.6,4.3,5.5,0.5,10.9,1.7,0.81,2.1,74,30,3500000,22.3,1.3,2.0,13.2,Michael Beasley,PF,0.5,,1.9,5.6,0.53
12250000,0,0,0,0,0,3.0,0.5,6.0,2.8,0.42,6.6,3.0,33,0.1,2.4,5.8,0.46,12.6,2.8,0.9,3.1,70,70,12250000,30.2,0.1,1.8,17.1,J.J. Redick,SG,0.5,,1.5,2.5,0.57
4294480,0,0,0,0,0,2.49,0.42,5.89,0.71,0.31,2.3,3.22,21,0.18,2.0,3.2,0.39,8.23,1.52,0.75,2.02,128,28,4294480,19.47,0.42,1.27,8.6,Emmanuel Mudiay,PG,0.62,1st round pick,1.78,2.42,0.43
2393887,0,0,0,0,0,1.7,0.44,3.9,1.0,0.36,2.8,2.5,33,0.2,1.6,2.7,0.4,6.7,0.4,0.8,0.5,82,2,2393887,16.6,0.3,1.1,6.9,Raymond Felton,PG,0.6,Minimum Salary,0.9,1.9000000000000001,0.48
15400000,0,0,0,0,0,2.5,0.46,5.4,2.0,0.37,5.4,2.0,31,0.4,5.1,4.5,0.42,10.8,2.6,0.76,3.4,73,73,15400000,29.9,1.4,2.3,13.5,DeMarre Carroll,PF,0.8,Cap Space,1.4,6.5,0.51
1544951,0,0,0,0,0,0.9,0.43,2.1,1.0,0.33,3.0,1.0,22,0.1,1.1,1.9,0.37,5.1,0.9,0.82,1.1,52,7,1544951,15.5,0.3,1.9,5.8,Timothe Luwawu-Cabarrot,SF,0.2,1st Round pick,0.7,1.4000000000000001,0.47
2407560,2813280,4326825,0,0,0,0.9,0.5,1.8,0.3,0.37,0.8,0.2,20,0.1,1.0,1.2,0.46,2.6,0.2,0.67,0.3,53,0,5220840,8.7,0.5,0.8,2.9,T.J. Leaf,PF,0.1,1st Round Pick,0.2,1.5,0.52
1773840,2731714,0,0,0,0,0.7,0.47,1.5,0.5,0.38,1.3,0.5,21,0.1,0.9,1.2,0.41,2.9,0.4,0.8,0.5,62,0,4505554,9.4,0.2,0.6,3.2,Malik Beasley,SG,0.2,1st Round pick,0.4,1.1,0.5
1702800,2625718,0,0,0,0,3.3,0.48,6.9,1.2,0.34,3.5,4.2,23,0.3,2.9,4.5,0.43,10.4,1.9,0.73,2.6,71,10,4328518,26.3,0.7,2.2,12.1,Caris LeVert,SF,1.2,1st Round pick,2.2,3.5999999999999996,0.49
9631250,10259375,0,0,0,0,2.9,0.66,4.4,0.4,0.36,1.1,1.2,26,0.4,3.9,3.2,0.59,5.4,1.7,0.74,2.3,79,25,9631250,21.2,1.7,2.4,8.5,Dwight Powell,C,0.8,Cap Space,0.7,5.6,0.63
3258539,0,0,0,0,0,0.6,0.4,1.5,2.3,0.4,5.8,0.6,26,0.1,1.5,2.9,0.4,7.3,0.7,0.87,0.8,79,15,3258539,20.5,0.2,1.7,8.9,Troy Daniels,SG,0.3,Cap Space,0.7,1.7,0.55
10000000,10740741,0,0,0,0,2.0,0.62,3.2,0.2,0.22,0.9,1.2,26,0.9,2.8,2.2,0.52,4.2,0.3,0.3,1.0,39,39,20740741,26.6,1.9,2.3,5.0,Andre Roberson,SG,1.2,Bird Rights,0.8,4.699999999999999,0.55
16517857,17839286,19160714,20482143,0,0,4.2,0.55,7.7,2.3,0.39,5.9,2.9,23,0.2,2.1,6.6,0.49,13.6,2.0,0.83,2.4,67,65,74000000,34.4,0.6,1.8,17.5,Gary Harris,SG,1.8,1st Round Pick,1.8,2.7,0.57
4696875,0,0,0,0,0,5.3,0.51,10.4,0.0,0.0,0.2,2.4,24,0.9,5.2,5.3,0.5,10.6,2.1,0.62,3.4,73,58,4696875,28.0,1.8,2.5,12.8,Willie Cauley-Stein,C,1.1,1st round pick,1.5,7.0,0.5
12500000,0,0,0,0,0,3.1,0.52,5.91,2.49,0.38,6.5,1.5,26,0.71,6.28,5.57,0.45,12.41,2.03,0.81,2.5,110,28,12500000,27.2,1.09,1.98,15.6,Nikola Mirotic,PF,0.81,Cap space,1.1,7.37,0.55
1544951,0,0,0,0,0,1.4,0.61,2.3,0.6,0.86,0.7,0.7,21,0.1,1.0,2.0,0.67,3.0,0.9,0.64,1.4,7,0,1544951,11.4,0.1,1.7,5.4,Wade Baldwin,PG,0.3,,0.6,1.1,0.77
3710850,0,0,0,0,0,2.7,0.49,5.5,1.7,0.38,4.5,6.3,33,0.0,2.7,4.4,0.44,10.0,1.2,0.8,1.5,69,10,3710850,23.2,0.2,1.2,11.6,J.J. Barea,PG,0.5,Cap Space,2.1,2.9000000000000004,0.52
1378242,1618520,0,0,0,0,2.4,0.57,4.2,0.0,0.0,0.0,0.9,20,0.4,2.9,2.4,0.57,4.2,0.8,0.8,1.0,36,5,1378242,14.3,1.5,1.5,5.6,Ivan Rabb,PF,0.3,MLE,1.0,4.4,0.57
3111480,3635760,5195501,0,0,0,5.2,0.5,10.3,2.4,0.34,7.0,3.7,21,0.3,3.1,7.5,0.44,17.2,3.0,0.79,3.8,79,71,6747240,33.4,0.7,2.7,20.5,Donovan Mitchell,SG,1.5,1st Round Pick,2.7,3.8,0.51
12500000,12500000,0,0,0,0,1.9,0.58,3.3,0.0,0.0,0.0,0.8,29,0.5,2.7,1.9,0.58,3.3,0.5,0.45,1.1,55,35,25000000,16.7,1.4,1.4,4.3,Miles Plumlee,C,0.3,Bird Rights,1.1,4.1,0.58
15293104,16456522,17500000,18543478,19586957,0,6.0,0.66,9.1,0.0,0.0,0.0,0.9,23,1.9,7.6,6.0,0.66,9.1,1.9,0.54,3.5,74,74,87380061,27.5,3.3,2.5,13.9,Clint Capela,C,0.8,,1.4,10.899999999999999,0.66
7200000,0,0,0,0,0,3.2,0.59,5.4,0.8,0.35,2.3,1.5,28,0.8,6.3,4.0,0.52,7.7,1.1,0.79,1.4,62,46,7200000,24.9,1.6,2.6,10.0,Dewayne Dedmon,C,0.6,Cap space,1.4,7.9,0.57
11571429,12428571,13285714,0,0,0,1.5,0.45,3.3,1.9,0.38,5.0,2.8,29,0.1,1.6,3.4,0.41,8.3,1.3,0.93,1.4,82,36,37285714,25.7,0.3,1.6,10.0,Patty Mills,PG,0.7,Bird Rights,1.3,1.9000000000000001,0.52
4350000,4160000,0,0,0,0,3.1,0.57,5.4,0.0,0.0,0.0,1.2,24,0.9,5.0,3.1,0.56,5.5,2.3,0.7,3.3,69,13,8510000,20.2,2.5,2.3,8.5,Alex Len,C,0.4,Room Exception,1.1,7.5,0.56
3364249,0,0,0,0,0,2.6,0.58,4.5,1.1,0.37,3.0,1.2,22,0.5,4.0,3.7,0.49,7.5,1.4,0.7,2.0,73,2,3364249,19.1,0.8,1.5,9.9,Trey Lyles,PF,0.4,1st round pick,0.8,4.8,0.57
12000000,0,0,0,0,0,4.5,0.47,9.5,2.9,0.39,7.5,5.6,27,0.3,2.7,7.4,0.44,17.0,4.5,0.85,5.3,80,80,12000000,34.2,0.4,1.2,22.1,Kemba Walker,PG,1.1,1st Round Pick,2.2,3.1,0.52
1544951,0,0,0,0,0,1.2,0.46,2.6,1.0,0.31,3.2,1.2,24,0.2,2.5,2.2,0.38,5.8,0.5,0.71,0.7,21,13,1544951,21.3,1.0,2.0,5.9,Dorian Finney-Smith,PF,0.5,Minimum Salary,1.0,3.5,0.47
18988725,0,0,0,0,0,4.7,0.52,9.0,3.1,0.44,7.1,2.5,27,0.5,3.4,7.9,0.49,16.2,1.1,0.85,1.3,73,73,18988725,34.3,0.4,1.6,20.0,Klay Thompson,SG,0.8,1st Round Pick,1.8,3.8,0.58
20000000,20000000,0,0,0,0,4.2,0.52,8.1,1.0,0.38,2.6,1.9,22,0.3,3.5,5.2,0.49,10.7,1.3,0.76,1.7,31,3,20000000,24.0,1.4,1.6,12.6,Jabari Parker,PF,0.8,,1.5,4.9,0.53
3314365,27250000,29430000,31610000,33790000,35970000,5.7,0.46,12.4,2.7,0.38,7.1,4.7,21,0.3,4.0,8.4,0.43,19.5,5.4,0.89,6.1,54,54,161364365,34.5,0.5,3.1,24.9,Devin Booker,SG,0.9,1st round pick,3.6,4.5,0.5
16000000,17185185,0,0,0,0,1.8,0.56,3.2,0.5,0.28,1.8,3.3,34,0.6,3.1,2.3,0.46,5.0,0.9,0.64,1.4,64,7,33185185,25.3,0.8,1.5,6.0,Andre Iguodala,SF,0.8,Bird Rights,1.0,3.9000000000000004,0.51
2393887,0,0,0,0,0,1.52,0.48,3.19,1.11,0.35,3.19,2.11,34,0.18,1.59,2.63,0.41,6.41,1.99,0.84,2.37,142,2,2393887,18.87,0.18,2.19,8.39,Devin Harris,PG,0.69,Minimum Salary,1.08,1.77,0.5
1634640,2603982,0,0,0,0,1.6,0.42,3.8,0.4,0.33,1.2,1.9,23,0.5,2.5,2.0,0.41,4.9,0.7,0.54,1.3,26,3,4238622,17.5,0.3,1.5,5.2,DeAndre' Bembry,SF,0.8,1st Round pick,1.8,2.8,0.45
2161887,0,0,0,0,0,0.48,0.36,1.33,0.97,0.4,2.41,0.98,24,0.09,1.49,1.49,0.39,3.79,0.49,0.69,0.71,82,0,2161887,12.8,0.09,0.59,4.43,Nik Stauskas,SG,0.19,/,0.61,1.58,0.52
1512601,1645357,0,0,0,0,0.88,0.49,1.78,0.17,0.19,0.88,0.46,20,0.66,0.88,1.08,0.4,2.68,0.8,0.67,1.2,40,16,1512601,12.26,1.08,1.2,3.07,Derrick Jones,SF,0.2,Minimum Salary,0.37,1.96,0.43
4449000,0,0,0,0,0,2.2,0.59,3.7,0.0,0.0,0.0,0.5,28,0.7,5.0,2.2,0.59,3.7,0.9,0.64,1.4,78,0,4449000,18.9,2.3,2.4,5.3,Ed Davis,C,0.4,Room Exception,0.8,7.3,0.59
13764045,0,0,0,0,0,4.5,0.54,8.4,0.7,0.32,2.2,1.9,29,0.4,4.0,5.2,0.49,10.7,0.7,0.64,1.1,81,81,13764045,32.2,2.3,2.2,11.8,Thaddeus Young,PF,1.7,Bird Rights,1.3,6.3,0.52
35654150,38178000,41006000,43848000,46662000,0,8.3,0.49,17.0,1.2,0.29,4.1,10.3,29,0.3,8.2,9.5,0.45,21.1,5.2,0.73,7.1,80,80,158686150,36.4,1.9,2.5,25.4,Russell Westbrook,PG,1.8,Bird Rights,4.8,10.1,0.48
3499800,4444746,0,0,0,0,3.9,0.51,7.7,2.0,0.37,5.4,3.4,20,0.3,2.7,5.9,0.45,13.1,2.8,0.9,3.1,81,80,7944546,31.7,1.0,2.1,16.7,Jamal Murray,PG,1.0,1st Round pick,2.1,3.7,0.53
7119650,7583975,0,0,0,0,0.7,0.35,2.0,0.7,0.41,1.7,0.6,29,0.2,1.8,1.4,0.38,3.7,0.6,0.86,0.7,73,31,8119650,18.5,0.6,1.8,4.1,Lance Thomas,PF,0.4,Cap Space,0.5,2.4,0.47
160096,0,0,0,0,0,0.0,0.0,0.0,0.0,0.0,0.0,0.5,22,0.0,0.5,0.0,0.0,0.0,0.0,0.0,0.0,2,0,160096,4.5,0.0,2.0,0.0,Ben Moore,PF,0.0,,0.0,0.5,0.0
106974,0,0,0,0,0,2.68,0.58,4.61,0.16,0.39,0.41,0.72,28,0.52,2.98,2.83,0.55,5.1,0.9,0.76,1.19,132,68,106974,16.79,1.69,1.92,6.68,Tyler Zeller,C,0.22,,0.7,4.67,0.57
6500000,0,0,0,0,0,2.4,0.51,4.7,1.2,0.33,3.6,1.4,22,0.4,3.2,3.6,0.44,8.2,1.1,0.79,1.4,75,30,6500000,22.1,0.5,1.8,9.6,Mario Hezonja,SF,1.1,MLE,1.1,3.7,0.51
2416222,0,0,0,0,0,2.6,0.47,5.5,0.5,0.38,1.3,1.0,23,0.7,3.0,3.0,0.44,6.8,1.2,0.75,1.6,73,36,2416222,22.8,1.3,2.9,7.7,Jarell Martin,PF,0.5,1st Round pick,1.2,4.3,0.48
5000000,0,0,0,0,0,2.7,0.49,5.5,1.8,0.41,4.4,1.6,39,0.6,5.4,4.5,0.46,9.8,1.3,0.93,1.4,77,77,5000000,24.7,0.3,1.9,12.0,Dirk Nowitzki,C,0.6,Cap Space,0.7,5.7,0.55
24000000,25565217,27130434,0,0,0,2.8,0.47,5.9,1.4,0.33,4.3,5.5,29,0.4,3.9,4.2,0.41,10.2,1.7,0.85,2.0,64,64,49565217,31.0,0.9,1.1,11.6,Nicolas Batum,SG,1.0,Cap Space,2.0,4.8,0.48
9530000,0,0,0,0,0,0.4,0.44,0.9,0.6,0.35,1.7,1.6,32,0.2,1.8,1.0,0.4,2.5,0.6,0.86,0.7,48,0,9530000,14.3,0.2,1.8,3.2,Jared Dudley,PF,0.5,Cap Space,0.6,2.0,0.52
1757429,0,0,0,0,0,2.2,0.54,4.1,0.8,0.31,2.6,1.5,26,0.1,1.6,3.0,0.45,6.7,0.6,0.75,0.8,74,2,1757429,19.7,0.1,1.6,7.4,Ian Clark,SG,0.4,Minimum Salary,0.8,1.7000000000000002,0.51
18089887,19269662,0,0,0,0,2.7,0.44,6.2,1.7,0.4,4.2,3.5,28,0.7,3.4,4.4,0.42,10.4,2.5,0.81,3.1,65,65,18089887,27.5,0.4,2.3,12.9,Kent Bazemore,SG,1.5,Cap Space,2.4,3.8,0.5
1942422,1845301,0,0,0,0,1.9,0.45,4.2,1.1,0.38,2.9,2.0,26,0.2,1.9,3.0,0.42,7.2,1.6,0.84,1.9,74,10,1942422,20.7,0.4,1.1,8.7,Shabazz Napier,PG,1.1,Cap Space,1.2,2.3,0.49
11692308,0,0,0,0,0,5.3,0.51,10.4,0.9,0.36,2.5,2.2,36,0.2,5.1,6.1,0.47,12.9,1.4,0.78,1.8,59,57,11692308,25.6,1.6,2.0,14.5,Zach Randolph,PF,0.7,,2.0,6.699999999999999,0.51
5337000,0,0,0,0,0,6.3,0.53,11.9,2.2,0.36,6.1,5.4,27,1.6,10.7,8.5,0.47,18.0,6.1,0.74,8.2,48,48,5337000,36.2,2.2,3.8,25.2,DeMarcus Cousins,C,1.6,MLE,5.0,12.899999999999999,0.53
3129187,0,0,0,0,0,2.1,0.54,3.9,0.6,0.43,1.4,3.9,26,0.2,2.2,2.8,0.53,5.3,1.0,0.77,1.3,73,30,3129187,22.5,1.0,1.8,7.2,Tomas Satoransky,SG,0.7,Cap Space,1.1,3.2,0.58
1512601,0,0,0,0,0,2.6,0.49,5.3,0.3,0.43,0.7,1.5,25,0.4,3.4,2.9,0.48,6.0,1.9,0.66,2.9,70,21,1512601,23.5,1.3,2.3,7.9,David Nwaba,SG,0.8,Minimum Salary,1.1,4.7,0.51
35654150,37436858,39219565,41002273,0,0,8.6,0.6,14.3,1.8,0.36,5.0,9.1,33,0.9,7.5,10.5,0.54,19.3,4.7,0.72,6.5,82,82,113310573,36.9,1.2,1.7,27.5,LeBron James,PF,1.4,,4.2,8.7,0.59
2534280,2961120,4548280,0,0,0,0.3,0.6,0.5,0.1,0.5,0.2,0.1,21,0.0,0.4,0.4,0.57,0.7,0.0,0.0,0.1,22,0,5495400,3.2,0.1,0.3,1.0,D.J. Wilson,PF,0.1,1st Round Pick,0.2,0.5,0.64
1109529,0,0,0,0,0,1.3,0.52,2.5,0.3,0.21,1.4,1.4,22,0.2,1.2,1.6,0.41,3.9,0.5,0.83,0.6,57,10,1109529,16.9,0.3,1.2,4.0,Patrick McCaw,SG,0.8,/,0.7,1.5,0.45
5027028,0,0,0,0,0,2.2,0.41,5.4,2.2,0.4,5.5,2.9,29,0.5,2.6,4.4,0.41,10.8,1.3,0.87,1.5,11,11,5027028,30.4,1.5,3.1,12.2,Patrick Beverley,SG,1.7,Bird Rights,2.3,4.1,0.51
11750000,10810000,11750000,12690000,0,0,7.8,0.52,15.0,0.3,0.21,1.4,1.3,24,0.6,3.2,8.1,0.49,16.4,3.0,0.77,3.9,65,65,47000000,33.0,1.9,2.3,19.6,T.J. Warren,SF,1.0,1st Round Pick,1.3,5.1,0.5
1378242,0,0,0,0,0,1.5,0.6,2.5,0.6,0.33,1.8,0.7,26,0.7,2.3,2.1,0.49,4.3,0.6,0.75,0.8,72,36,1378242,16.8,1.0,1.6,5.4,Maxi Kleber,PF,0.4,Minimum Salary,0.4,3.3,0.56
3125000,2875000,0,0,0,0,1.5,0.44,3.4,1.1,0.38,2.9,1.0,24,0.0,1.2,2.6,0.42,6.2,0.6,0.67,0.9,80,12,6000000,19.0,0.2,1.4,6.9,Bryn Forbes,SG,0.4,Early Bird Rights,0.5,1.4,0.51
2775000,2907143,0,0,0,0,1.0,0.62,1.6,0.5,0.36,1.4,0.7,22,0.0,1.7,1.5,0.5,3.0,0.4,0.5,0.8,61,12,5682143,11.0,0.3,1.3,3.9,Cedi Osman,SF,0.4,MLE,0.5,2.0,0.58
2393887,0,0,0,0,0,1.0,0.5,2.0,1.0,0.36,2.8,1.2,41,0.4,2.2,2.0,0.41,4.9,0.5,0.83,0.6,58,5,2393887,17.7,0.3,1.7,5.4,Vince Carter,SF,0.7,Minimum Salary,0.6,2.5,0.51
1349383,1588231,0,0,0,0,3.3,0.48,6.9,0.3,0.23,1.3,2.4,23,0.4,2.8,3.7,0.45,8.2,2.0,0.77,2.6,30,19,1349383,28.4,0.7,2.8,9.7,Tyrone Wallace,PG,0.9,Minimum Salary,1.5,3.5,0.47
13565218,0,0,0,0,0,3.5,0.51,6.8,0.0,0.0,0.0,1.8,33,0.7,5.4,3.5,0.51,6.8,1.3,0.65,2.0,82,82,13565218,25.3,2.2,2.1,8.4,Marcin Gortat,C,0.5,,1.2,7.6000000000000005,0.51
3275280,3827160,5273826,0,0,0,1.7,0.46,3.7,1.1,0.41,2.7,1.7,21,0.2,2.1,2.8,0.44,6.4,0.9,0.9,1.0,73,9,7102440,20.0,0.3,1.2,7.6,Luke Kennard,SG,0.6,1st Round Pick,0.9,2.4,0.52
1569360,0,0,0,0,0,0.71,0.37,1.93,0.49,0.32,1.54,0.49,22,0.0,1.1,1.2,0.35,3.47,0.69,0.83,0.83,52,8,1569360,12.5,0.2,1.03,3.42,Malachi Richardson,SG,0.39,,0.39,1.3,0.42
11536515,0,0,0,0,0,1.9,0.44,4.3,0.7,0.32,2.2,1.0,26,0.1,2.7,2.7,0.42,6.5,1.7,0.89,1.9,64,1,11536515,16.5,0.3,1.2,7.7,Alec Burks,SG,0.6,1st Round Pick,0.9,3.0,0.47
8000000,0,0,0,0,0,1.7,0.45,3.8,1.4,0.4,3.5,1.9,31,0.4,2.0,3.1,0.42,7.3,0.9,0.75,1.2,65,35,8000000,24.8,0.3,2.1,8.4,Garrett Temple,SG,0.9,Cap Space,1.2,2.3,0.52
1544951,0,0,0,0,0,1.9,0.45,4.2,1.4,0.4,3.5,1.9,23,0.1,1.1,3.3,0.43,7.7,1.3,0.76,1.7,35,9,1544951,19.8,0.5,1.7,9.3,Wayne Selden,SG,0.5,,1.5,1.6,0.52
76236,0,0,0,0,0,0.1,0.2,0.5,0.1,0.17,0.6,0.1,23,0.0,0.2,0.2,0.18,1.1,0.1,0.5,0.2,13,0,76236,2.9,0.0,0.0,0.5,Charles Cooke,SG,0.1,,0.1,0.2,0.23
25434263,27093019,28751775,0,0,0,5.9,0.51,11.6,2.4,0.37,6.5,4.5,24,0.4,3.7,8.3,0.46,18.1,3.6,0.8,4.5,82,82,81279057,36.3,0.7,2.0,22.6,Bradley Beal,SG,1.2,Cap Space,2.6,4.4,0.52
3472887,0,0,0,0,0,3.28,0.47,6.97,2.1,0.38,5.57,1.6,25,0.2,2.4,5.39,0.43,12.53,1.88,0.87,2.17,120,46,3472887,26.91,0.4,1.77,14.7,Rodney Hood,SG,0.78,,1.17,2.8,0.51
10500000,0,0,0,0,0,1.9,0.46,4.1,1.3,0.33,3.9,1.6,26,0.5,2.6,3.2,0.4,8.0,1.1,0.73,1.5,24,20,10500000,25.0,0.4,1.9,8.7,Terrence Ross,SG,1.1,Rookie scale extension,1.2,3.0,0.48
3819960,4463640,5686677,0,0,0,4.3,0.43,9.9,1.5,0.31,4.9,5.2,20,0.3,3.0,5.9,0.4,14.8,1.9,0.68,2.8,69,69,8283600,29.7,0.7,2.2,15.2,Dennis Smith,PG,1.0,1st Round Pick,2.8,3.7,0.45
2760095,0,0,0,0,0,1.6,0.59,2.7,0.1,0.12,0.8,0.5,23,0.1,1.8,1.8,0.51,3.5,0.5,0.62,0.8,73,1,2760095,12.1,0.6,1.0,4.2,Sam Dekker,PF,0.3,1st Round pick,0.5,2.4,0.53
8307692,7692308,0,0,0,0,2.4,0.5,4.8,0.0,0.0,0.1,2.0,32,0.3,1.4,2.4,0.5,4.8,0.7,0.78,0.9,71,7,10307692,15.9,0.5,1.6,5.5,Shaun Livingston,PG,0.5,Bird Rights,0.8,1.9,0.5
3627842,0,0,0,0,0,2.6,0.46,5.6,1.3,0.37,3.5,1.6,24,0.2,3.1,3.9,0.43,9.1,2.0,0.8,2.5,79,4,3627842,23.2,0.6,1.2,11.1,Frank Kaminsky,PF,0.5,1st round pick,0.8,3.7,0.5
1378242,0,0,0,0,0,0.5,0.71,0.7,0.1,0.14,0.7,0.4,20,0.1,0.9,0.5,0.36,1.4,0.3,0.5,0.6,15,0,1378242,4.8,0.2,0.4,1.5,Thomas Bryant,C,0.1,Minimum Salary,0.1,1.1,0.39
1655160,1934160,3491159,0,0,0,1.6,0.57,2.8,1.2,0.39,3.1,1.3,22,0.3,3.5,2.8,0.47,6.0,1.0,0.67,1.5,63,23,3589320,23.2,0.7,1.7,7.9,Josh Hart,SG,0.7,1st Round Pick,0.7,4.2,0.57
6700800,7830000,9897120,0,0,0,3.7,0.5,7.4,1.3,0.43,3.0,1.6,19,0.7,4.4,5.0,0.48,10.4,2.7,0.84,3.2,80,80,14530800,30.5,0.6,2.1,13.9,Jayson Tatum,SF,1.0,1st Round Pick,1.4,5.0,0.54
1874640,0,0,0,0,0,0.0,0.0,0.0,0.0,0.0,0.0,0.0,21,0.0,0.0,0.0,0.0,0.0,0.0,0.0,0.0,1,0,1874640,2.0,0.0,0.0,0.0,Tyler Lydon,PF,0.0,1st Round Pick,0.0,0.0,0.0
8339880,9745200,12288697,0,0,0,3.2,0.41,7.9,0.0,0.0,0.1,3.8,19,0.3,2.3,3.2,0.41,7.9,0.7,0.47,1.5,14,0,18085080,18.1,0.8,1.6,7.1,Markelle Fultz,SG,0.9,1st Round Pick,1.2,3.0999999999999996,0.41
1544951,0,0,0,0,0,2.0,0.59,3.4,0.0,0.0,0.0,0.4,21,0.4,3.2,2.0,0.59,3.4,1.0,0.77,1.3,52,0,1544951,11.2,0.9,1.6,4.9,Cheick Diallo,PF,0.2,Minimum Salary,0.5,4.1000000000000005,0.59
1361265,0,0,0,0,0,2.3,0.53,4.3,0.3,0.27,1.1,2.4,24,0.3,2.3,2.6,0.48,5.4,1.2,0.71,1.7,23,2,1361265,16.7,0.4,1.8,6.6,Shaquille Harrison,PG,1.1,/,1.0,2.6999999999999997,0.51
4715315,0,0,0,0,0,0.3,0.33,0.9,0.4,0.36,1.1,1.6,24,0.2,0.9,0.7,0.35,2.0,0.7,0.78,0.9,29,1,4715315,13.3,0.2,1.1,2.4,Ron Baker,SG,0.9,/,0.6,1.1,0.45
18109175,19217900,0,0,0,0,5.0,0.49,10.3,1.5,0.38,4.0,4.8,31,0.2,3.4,6.5,0.45,14.3,2.9,0.81,3.6,75,75,18109175,31.7,0.7,2.4,17.3,Goran Dragic,PG,0.8,Bird Rights,2.2,4.1,0.51
9000000,0,0,0,0,0,2.8,0.53,5.3,0.8,0.35,2.3,8.2,31,0.2,3.6,3.6,0.47,7.6,0.4,0.57,0.7,65,63,9000000,26.2,0.5,1.8,8.3,Rajon Rondo,PG,1.1,,2.3,4.1,0.53
1544951,0,0,0,0,0,2.0,0.4,5.0,0.0,0.0,0.0,1.0,21,0.0,3.0,2.0,0.4,5.0,0.0,0.0,0.0,1,0,1544951,22.0,1.0,4.0,4.0,Chinanu Onuaku,C,0.0,,3.0,4.0,0.4
4155720,4855800,6176578,0,0,0,1.7,0.39,4.4,0.6,0.3,2.0,3.2,19,0.2,1.8,2.3,0.36,6.4,0.6,0.67,0.9,78,9,9011520,21.9,0.5,2.3,5.9,Frank Ntilikina,PG,0.8,1st Round Pick,1.7,2.3,0.41
2393887,0,0,0,0,0,2.2,0.58,3.8,0.0,0.0,0.0,1.6,33,0.2,3.4,2.2,0.58,3.8,1.1,0.85,1.3,69,57,2393887,14.1,1.3,1.8,5.4,Zaza Pachulia,C,0.6,Minimum Salary,1.0,4.7,0.58
20421546,15600000,0,0,0,0,1.2,0.57,2.1,2.0,0.39,5.1,0.9,29,0.3,3.6,3.1,0.42,7.3,1.1,0.79,1.4,66,50,36021546,26.1,1.4,1.9,9.3,Ryan Anderson,PF,0.4,Cap Space,0.6,5.0,0.56
7019698,0,0,0,0,0,3.9,0.48,8.2,1.9,0.33,5.8,5.2,21,0.4,3.3,5.8,0.41,14.0,2.0,0.74,2.7,48,35,7019698,25.7,0.6,1.9,15.5,D'Angelo Russell,PG,0.8,1st round pick,3.1,3.9,0.48
4969080,5806440,7362566,0,0,0,1.4,0.38,3.7,0.6,0.35,1.7,0.7,20,1.1,3.1,2.0,0.37,5.4,0.7,0.78,0.9,27,10,10775520,19.9,0.6,1.8,5.4,Jonathan Isaac,PF,1.2,1st Round Pick,1.0,3.7,0.43
1600520,0,0,0,0,0,2.7,0.61,4.4,0.1,0.17,0.6,1.3,24,0.6,3.2,2.8,0.56,5.0,0.8,0.67,1.2,48,2,1600520,15.5,1.2,2.0,6.5,Richaun Holmes,C,0.4,Cap Space,0.5,4.4,0.57
2494346,0,0,0,0,0,4.1,0.51,8.1,1.1,0.35,3.1,1.7,22,0.3,4.6,5.2,0.47,11.1,1.6,0.76,2.1,73,4,2494346,22.5,2.2,1.8,13.2,Bobby Portis,PF,0.7,1st Round pick,1.4,6.8,0.52
7560000,7500000,0,0,0,0,0.8,0.53,1.5,2.2,0.42,5.2,1.2,36,0.4,2.1,3.0,0.45,6.6,0.9,0.9,1.0,73,4,11000000,21.6,0.1,1.8,9.2,Kyle Korver,SG,0.4,Bird Rights,0.8,2.2,0.62
7839435,27250000,29430000,31610000,33790000,35970000,6.3,0.58,10.8,1.5,0.43,3.5,2.4,22,1.4,9.4,7.8,0.55,14.3,4.2,0.86,4.9,82,82,163709435,35.6,2.9,3.5,21.3,Karl-Anthony Towns,C,0.8,1st round pick,1.9,12.3,0.6
8641000,9073050,0,0,0,0,6.0,0.57,10.5,0.1,0.2,0.5,2.6,23,0.5,5.8,6.1,0.55,11.0,3.7,0.71,5.2,82,49,8641000,26.7,2.2,3.3,16.1,Julius Randle,C,0.5,MLE,2.6,8.0,0.56
12917808,14041096,0,0,0,0,3.0,0.6,5.0,0.0,0.0,0.0,1.9,27,1.1,3.6,3.0,0.6,5.0,1.1,0.46,2.4,74,26,26958904,19.4,1.8,2.5,7.1,Mason Plumlee,C,0.7,Cap space,1.4,5.4,0.6
8470980,8156500,7529020,0,0,0,2.3,0.59,3.9,0.0,0.0,0.0,1.0,25,0.2,2.7,2.3,0.59,3.9,1.0,0.67,1.5,55,16,24156500,17.8,1.5,1.9,5.6,Cristiano Felicio,C,0.3,Cap space,1.0,4.2,0.59
2536898,0,0,0,0,0,2.1,0.52,4.0,0.8,0.36,2.2,2.9,25,0.5,2.2,2.9,0.46,6.3,1.4,0.82,1.7,69,4,2536898,20.8,0.7,1.2,8.0,Delon Wright,PG,1.0,1st Round pick,1.1,2.9000000000000004,0.52
5375000,0,0,0,0,0,3.3,0.47,7.0,1.6,0.37,4.3,1.3,28,0.2,4.6,4.9,0.43,11.3,2.3,0.79,2.9,54,21,5375000,26.8,0.8,1.9,13.6,Marcus Morris,PF,0.6,Bird Rights,1.2,5.3999999999999995,0.5
8653847,9346153,9346153,0,0,0,2.6,0.6,4.3,0.4,0.29,1.4,0.7,23,1.0,2.9,3.0,0.54,5.6,2.0,0.67,3.0,81,1,18000000,20.3,1.1,1.9,8.4,Jerami Grant,PF,0.4,,0.7,4.0,0.57
12500000,13437500,0,0,0,0,3.93,0.5,7.87,1.4,0.36,3.93,2.72,25,0.1,2.0,5.29,0.45,11.8,1.9,0.82,2.33,162,4,25937500,23.31,0.7,1.32,13.87,Jordan Clarkson,SG,0.7,Cap Space,1.58,2.7,0.51
12000000,0,0,0,0,0,2.4,0.46,5.2,2.1,0.38,5.6,2.2,24,0.2,4.4,4.6,0.43,10.8,2.1,0.81,2.6,74,74,12000000,33.2,0.8,2.0,13.4,Kentavious Caldwell-Pope,SG,1.4,,1.3,5.2,0.52
12252928,13258781,0,0,0,0,0.6,0.35,1.7,0.3,0.17,1.8,1.8,26,0.1,2.3,0.9,0.26,3.4,0.3,0.6,0.5,12,1,25511709,15.6,0.8,1.8,2.4,Solomon Hill,SF,0.6,Cap Space,0.8,3.0999999999999996,0.31
19500000,19500000,19500000,19500000,0,0,3.9,0.4,9.7,1.8,0.35,5.1,3.0,22,0.2,3.5,5.7,0.39,14.8,3.6,0.8,4.5,24,24,78000000,27.3,0.4,2.3,16.7,Zach LaVine,SG,1.0,,1.8,3.9,0.45
459414,459414,459414,0,0,0,0.7,0.54,1.3,0.0,0.0,0.0,0.3,22,0.3,0.6,0.7,0.54,1.3,0.4,0.67,0.6,31,6,1378242,5.2,0.5,0.9,1.8,Dakari Johnson,C,0.2,,0.1,1.1,0.54
10607143,11392857,12178571,0,0,0,1.0,0.48,2.1,1.4,0.39,3.6,1.3,26,0.4,1.8,2.5,0.44,5.7,0.5,0.83,0.6,75,59,22000000,27.4,0.1,1.5,6.9,Tony Snell,SG,0.6,Cap space,0.5,1.9000000000000001,0.56
1689840,1974600,3562178,0,0,0,4.0,0.51,7.9,2.1,0.38,5.6,1.8,22,0.4,5.1,6.1,0.45,13.5,1.9,0.7,2.7,77,37,3664440,31.2,1.1,2.1,16.1,Kyle Kuzma,PF,0.6,1st Round Pick,1.8,6.199999999999999,0.53
1378242,1618520,1752950,0,0,0,0.6,0.33,1.8,0.5,0.36,1.4,0.5,24,0.2,1.2,1.0,0.32,3.1,0.5,0.62,0.8,48,1,1378242,10.9,0.3,0.9,3.0,Abdel Nader,SF,0.3,,0.7,1.5,0.4
85458,0,0,0,0,0,0.0,0.0,1.0,0.0,0.0,0.0,1.0,28,0.0,0.0,0.0,0.0,1.0,1.0,0.5,2.0,1,0,85458,8.0,0.0,0.0,1.0,Scotty Hopson,SG,0.0,,1.0,0.0,0.0
31200000,33296296,0,0,0,0,2.1,0.47,4.5,3.1,0.41,7.6,6.9,31,0.2,4.7,5.2,0.43,12.1,2.9,0.88,3.3,78,78,64496296,32.2,0.8,2.5,16.2,Kyle Lowry,PG,1.1,Bird Rights,2.3,5.5,0.56
8575916,0,0,0,0,0,1.4,0.47,3.0,1.4,0.38,3.7,1.4,29,0.2,1.7,2.8,0.42,6.7,0.9,0.82,1.1,39,11,8575916,23.7,0.4,2.3,7.9,Jerryd Bayless,SG,0.6,Cap Space,1.2,2.1,0.52
13000000,13000000,0,0,0,0,3.8,0.51,7.5,0.0,0.0,0.0,1.0,24,0.4,2.9,3.8,0.5,7.6,1.6,0.7,2.3,74,74,13000000,25.0,1.1,1.9,9.2,Michael Kidd-Gilchrist,SF,0.7,1st Round Pick,0.7,4.0,0.5
1349383,1588231,1663861,0,0,0,1.3,0.76,1.7,0.0,0.0,0.3,2.3,22,0.0,0.7,1.3,0.65,2.0,0.7,1.0,0.7,3,0,2937614,8.3,0.0,0.3,3.3,Monte Morris,PG,1.0,Minimum Salary,0.3,0.7,0.65
1667160,1948080,3516284,0,0,0,0.5,0.42,1.2,0.5,0.62,0.8,0.5,23,0.2,1.2,0.9,0.47,1.9,0.8,0.67,1.2,17,0,3615240,8.2,0.3,0.5,3.2,Derrick White,PG,0.2,1st Round Pick,0.4,1.5,0.61
1378242,0,0,0,0,0,1.3,0.39,3.3,1.3,0.36,3.6,1.4,21,0.1,2.0,2.6,0.38,6.8,0.8,0.73,1.1,56,5,1378242,17.4,0.3,1.1,7.2,Tyler Dorsey,SG,0.3,Minimum Salary,0.7,2.3,0.48
31214295,32700690,34187085,0,0,0,1.0,1.0,1.0,0.0,0.0,1.0,0.0,27,0.0,1.0,1.0,0.5,2.0,0.0,0.0,0.0,1,1,63914985,5.0,0.0,1.0,2.0,Gordon Hayward,SF,0.0,Cap space,0.0,1.0,0.5
2393887,0,0,0,0,0,3.1,0.54,5.7,0.7,0.32,2.2,1.3,31,0.4,2.4,3.8,0.48,7.9,2.6,0.87,3.0,78,13,2393887,23.4,0.8,1.9,10.8,Jeff Green,PF,0.5,Minimum Salary,1.0,3.2,0.53
2287825,0,0,0,0,0,4.29,0.57,7.59,0.0,0.0,0.0,2.23,27,0.49,4.71,4.29,0.57,7.59,1.72,0.74,2.33,102,28,2287825,20.41,2.11,1.87,10.3,Greg Monroe,C,0.89,/,1.81,6.82,0.57
457418,1588231,0,0,0,0,0.3,0.6,0.5,0.5,0.36,1.4,0.2,24,0.1,0.7,0.9,0.47,1.9,0.3,1.0,0.3,15,4,457418,8.4,0.3,0.7,2.5,Malcolm Miller,SF,0.1,,0.3,1.0,0.61
12750000,0,0,0,0,0,5.9,0.53,11.2,1.1,0.31,3.6,3.4,27,1.1,7.4,7.0,0.48,14.7,1.4,0.87,1.6,57,57,12750000,29.5,1.8,2.5,16.5,Nikola Vucevic,C,1.0,Bird Rights,1.9,9.200000000000001,0.51
4661280,0,0,0,0,0,0.8,0.4,2.0,1.4,0.36,3.9,1.6,20,0.6,3.9,2.3,0.39,5.9,0.5,0.83,0.6,82,37,4661280,25.2,0.5,2.0,6.5,Dragan Bender,PF,0.3,1st Round pick,1.4,4.4,0.51
20261173,6431666,6431666,6431666,0,0,0.7,0.5,1.4,0.0,0.0,0.0,0.6,32,0.3,1.1,0.7,0.5,1.4,0.3,0.5,0.6,7,0,37824998,5.7,0.9,0.7,1.7,Joakim Noah,C,0.3,/,0.6,2.0,0.5
1378242,0,0,0,0,0,1.7,0.61,2.8,0.3,0.33,0.9,0.9,25,0.8,2.9,2.0,0.54,3.7,1.0,0.77,1.3,63,3,1378242,14.9,1.4,2.5,5.3,Daniel Theis,C,0.5,Minimum Salary,0.9,4.3,0.58
1378242,1618520,0,0,0,0,1.4,0.5,2.8,0.1,0.14,0.7,0.9,23,0.2,1.6,1.5,0.43,3.5,0.5,0.62,0.8,62,12,1378242,16.5,0.6,1.3,3.7,Wesley Iwundu,SF,0.5,,0.5,2.2,0.44
13000000,13000000,0,0,0,0,5.5,0.52,10.5,1.8,0.36,5.0,4.0,26,0.3,4.7,7.2,0.46,15.5,3.9,0.89,4.4,82,82,13000000,36.4,0.5,3.3,20.1,Khris Middleton,SF,1.5,Bird Rights,2.3,5.2,0.52
670211,1845301,0,0,0,0,0.5,0.42,1.18,0.27,0.19,1.41,0.32,22,0.32,1.28,0.78,0.3,2.59,0.41,0.82,0.5,24,0,1340422,8.91,0.59,0.68,2.18,Bruno Caboclo,SF,0.27,/,0.32,1.87,0.35
7488372,0,0,0,0,0,3.6,0.5,7.2,1.2,0.37,3.2,2.3,25,0.4,3.4,4.8,0.46,10.4,2.2,0.85,2.6,80,18,7488372,24.6,0.6,1.7,12.9,Jeremy Lamb,SG,0.8,Rookie scale extension,1.2,4.0,0.52
5000000,0,0,0,0,0,1.5,0.56,2.7,1.2,0.37,3.2,1.0,26,0.5,3.3,2.7,0.46,5.9,1.1,0.92,1.2,53,7,5000000,20.0,1.1,1.5,7.6,Mike Muscala,C,0.6,Cap space,0.8,4.4,0.56
19360229,0,0,0,0,0,2.1,0.45,4.7,2.4,0.37,6.4,2.7,31,0.3,2.7,4.5,0.41,11.1,1.3,0.81,1.6,63,62,19360229,33.8,0.4,2.2,12.7,Wesley Matthews,SF,1.2,/,1.3,3.1,0.51
2176260,0,0,0,0,0,2.99,0.48,6.23,0.3,0.25,1.21,1.48,29,0.2,0.89,3.22,0.43,7.44,1.61,0.88,1.84,50,14,2176260,16.81,0.5,0.62,8.38,Derrick Rose,PG,0.29,Minimum Salary,1.42,1.3900000000000001,0.45
25759766,27556959,29354152,0,0,0,5.9,0.46,12.7,2.3,0.39,5.9,3.4,26,0.4,3.3,8.2,0.44,18.6,2.6,0.84,3.1,81,81,82670877,36.1,0.7,2.1,21.4,CJ McCollum,SG,1.0,1st Round Pick,1.9,4.0,0.5
29730769,30500000,0,0,0,0,4.3,0.51,8.5,1.0,0.33,3.0,2.8,32,1.2,4.7,5.3,0.46,11.4,2.9,0.69,4.2,38,37,29730769,30.1,1.7,2.6,14.6,Paul Millsap,PF,1.0,Cap space,1.9,6.4,0.51
10087200,0,0,0,0,0,3.8,0.51,7.4,0.6,0.29,2.1,1.3,31,0.7,3.8,4.4,0.47,9.4,2.0,0.8,2.5,57,6,10087200,21.6,1.3,1.7,11.5,Rudy Gay,PF,0.8,Non-Bird Rights,1.4,5.1,0.5
2118840,2475840,3944013,0,0,0,0.5,0.62,0.8,0.7,0.35,2.0,0.3,19,0.2,0.5,1.1,0.39,2.8,0.1,0.5,0.2,61,12,4594680,12.5,0.3,1.4,3.1,Terrance Ferguson,SG,0.4,1st Round Pick,0.2,0.8,0.52
754603,0,0,0,0,0,1.51,0.42,3.58,1.12,0.34,3.31,3.8,26,0.1,1.98,2.58,0.37,6.9,2.29,0.89,2.58,40,2,754603,21.1,0.29,1.8,8.62,Isaiah Canaan,PG-SG,0.78,//,1.46,2.27,0.46
11111111,12000000,12000000,12000000,0,0,6.1,0.51,11.9,0.0,0.0,0.1,1.8,23,1.4,6.6,6.1,0.51,12.0,2.2,0.63,3.5,79,79,39111111,26.4,2.4,3.1,14.3,Jusuf Nurkic,C,0.8,,2.3,9.0,0.51
1378242,1618520,0,0,0,0,1.2,0.43,2.8,0.2,0.25,0.8,0.7,22,0.0,2.3,1.4,0.39,3.6,0.4,0.8,0.5,53,6,1378242,13.5,0.1,0.9,3.3,Dwayne Bacon,SG,0.3,MLE,0.4,2.4,0.42
2799720,3569643,0,0,0,0,1.3,0.45,2.9,0.4,0.29,1.4,0.6,20,0.7,2.0,1.8,0.42,4.3,0.9,0.69,1.3,74,12,6369363,16.7,1.0,2.2,4.8,Thon Maker,C,0.5,1st Round pick,0.6,3.0,0.47
1398580,0,0,0,0,0,1.2,0.36,3.3,0.3,0.27,1.1,2.2,26,0.4,1.9,1.5,0.34,4.4,1.4,0.82,1.7,52,2,1398580,16.1,0.7,1.9,4.6,Michael Carter-Williams,PG,0.8,/,1.0,2.5999999999999996,0.37
12137527,11667885,12198243,0,0,0,2.8,0.6,4.7,1.4,0.38,3.7,2.7,26,0.5,4.5,4.2,0.5,8.4,1.8,0.78,2.3,76,22,23805412,23.4,1.2,2.9,11.5,Kelly Olynyk,PF,0.8,Cap space,1.9,5.7,0.58
6153846,5846154,0,0,0,0,2.39,0.52,4.62,1.89,0.38,4.94,1.88,31,0.18,1.63,4.19,0.44,9.57,1.87,0.93,2.01,160,4,12000000,24.33,0.28,1.12,12.14,Marco Belinelli,SG,0.82,MLE,1.17,1.91,0.54
4000000,0,0,0,0,0,3.1,0.54,5.7,0.0,0.0,0.1,0.8,33,0.6,3.1,3.1,0.53,5.8,0.8,0.8,1.0,36,1,4000000,13.4,0.8,1.8,7.0,Al Jefferson,C,0.4,,0.6,3.9000000000000004,0.53
5000000,5000000,0,0,0,0,3.1,0.48,6.4,0.2,0.29,0.7,3.5,35,0.0,1.6,3.2,0.45,7.1,1.0,0.71,1.4,55,21,10000000,19.5,0.1,0.9,7.7,Tony Parker,PG,0.5,MLE,1.2,1.7000000000000002,0.46
5460000,0,0,0,0,0,1.8,0.47,3.8,1.0,0.36,2.8,0.9,24,0.3,1.9,2.8,0.42,6.7,0.9,0.82,1.1,56,17,5460000,19.5,0.6,2.5,7.5,Ben McLemore,SG,0.7,,1.1,2.5,0.49
1621415,0,0,0,0,0,1.6,0.52,3.09,0.41,0.34,1.22,0.62,22,0.3,4.48,1.9,0.44,4.32,0.68,0.63,1.08,108,32,1621415,16.19,1.32,1.28,4.89,Noah Vonleh,PF,0.38,Minimum Salary,0.61,5.800000000000001,0.49
6000000,0,0,0,0,0,4.3,0.51,8.5,0.4,0.33,1.2,4.4,29,0.2,2.4,4.7,0.48,9.8,1.0,0.71,1.4,82,35,6000000,24.9,0.3,1.7,10.9,Ish Smith,PG,0.8,Cap Space,1.3,2.6999999999999997,0.5
5750000,0,0,0,0,0,0.8,0.57,1.4,2.0,0.43,4.6,1.1,32,0.3,2.4,2.8,0.47,6.0,1.3,0.76,1.7,79,14,5750000,22.2,0.6,1.8,8.9,Anthony Tolliver,PF,0.4,MLE,0.7,3.0,0.63
2393887,0,0,0,0,0,1.4,0.5,2.8,2.7,0.37,7.3,0.6,32,0.4,2.9,4.1,0.41,10.1,1.2,0.8,1.5,41,2,2393887,22.7,0.4,2.1,12.1,Gerald Green,SG,0.6,Minimum Salary,0.8,3.3,0.54
88531,0,0,0,0,0,1.8,0.56,3.2,0.2,0.4,0.5,0.4,24,1.0,2.6,2.0,0.54,3.7,0.5,0.71,0.7,22,6,88531,15.6,1.0,2.2,4.7,JaKarr Sampson,SF,0.4,,0.4,3.6,0.57
3833760,4861208,0,0,0,0,3.0,0.45,6.6,2.2,0.43,5.1,1.9,25,0.3,3.2,5.2,0.44,11.7,0.9,0.9,1.0,80,12,8694968,25.3,0.7,1.9,13.5,Buddy Hield,SG,1.1,1st Round pick,1.6,3.9000000000000004,0.54
10595506,11286515,0,0,0,0,1.1,0.69,1.6,0.3,0.37,0.8,0.5,25,0.0,1.8,1.4,0.58,2.4,0.3,1.0,0.3,33,2,21882021,7.7,0.4,1.1,3.4,Meyers Leonard,C,0.2,Cap Space,0.3,2.2,0.65
9367200,10116576,10865952,11615328,0,0,1.4,0.52,2.7,0.8,0.3,2.7,1.3,24,0.2,1.5,2.1,0.4,5.3,0.5,0.83,0.6,70,18,30349728,15.2,0.2,1.6,5.5,Norman Powell,SG,0.5,Cap Space,0.9,1.7,0.47
1757429,1988119,0,0,0,0,1.8,0.51,3.5,0.0,0.0,0.0,0.7,23,0.7,4.0,1.8,0.51,3.5,0.7,0.78,0.9,30,6,1757429,15.7,1.6,2.0,4.4,Nerlens Noel,C,1.0,Minimum Salary,0.9,5.6,0.51
999200,999200,999200,999200,999200,0,0.4,0.31,1.3,0.2,0.5,0.4,0.2,29,0.0,0.8,0.6,0.33,1.8,0.6,0.55,1.1,12,0,4996000,4.9,0.1,0.3,1.9,Kyle Singler,SF,0.1,,0.3,0.9,0.39
15170787,16229213,17287640,0,0,0,2.1,0.51,4.1,0.2,0.25,0.8,0.9,28,0.5,3.2,2.4,0.49,4.9,1.0,0.77,1.3,79,0,48687640,16.9,1.3,1.9,5.9,Gorgui Dieng,C,0.6,1st Round Pick,0.7,4.5,0.51
7000000,0,0,0,0,0,2.02,0.53,3.82,0.0,0.0,0.0,0.57,29,0.3,2.48,2.02,0.53,3.82,2.0,0.8,2.5,78,2,7000000,8.62,1.23,1.32,6.02,Boban Marjanovic,C,0.28,Cap Space,0.92,3.71,0.53
1512601,1645357,1783557,0,0,0,0.4,0.5,0.8,0.0,0.0,0.4,0.3,24,0.0,0.7,0.4,0.33,1.2,0.1,0.5,0.2,9,0,1512601,3.6,0.3,0.1,1.0,Georges Niang,PF,0.2,,0.3,1.0,0.33
3448926,13000000,13000000,13000000,0,0,2.3,0.43,5.3,0.7,0.37,1.9,2.2,21,0.5,4.5,3.0,0.42,7.2,1.0,0.67,1.5,68,25,29448926,24.7,0.9,2.1,7.8,Justise Winslow,PF,0.8,1st round pick,1.1,5.4,0.47
457418,1588231,0,0,0,0,0.0,0.0,0.0,0.0,0.0,1.0,0.0,25,0.0,1.0,0.0,0.0,1.0,0.0,0.0,0.0,1,0,457418,1.0,0.0,0.0,0.0,Chris Boucher,PF,0.0,,0.0,1.0,0.0
4698113,0,0,0,0,0,2.6,0.48,5.4,1.3,0.33,3.9,2.3,37,0.1,1.0,3.9,0.42,9.3,1.3,0.93,1.4,80,0,2304226,20.7,0.3,1.1,10.3,Jamal Crawford,SG,0.5,/,1.2,1.3,0.49
3940402,0,0,0,0,0,2.1,0.45,4.7,1.0,0.29,3.4,1.6,21,0.2,3.2,3.0,0.37,8.1,1.6,0.76,2.1,69,50,3940402,27.4,0.5,2.4,8.7,Stanley Johnson,SF,1.4,1st round pick,1.1,3.7,0.43
1641000,1719000,0,0,0,0,1.1,0.5,2.2,0.9,0.35,2.6,1.1,25,0.3,1.5,2.0,0.42,4.8,0.5,1.0,0.5,82,5,1641000,18.1,0.4,1.5,5.4,Pat Connaughton,SG,0.3,,0.5,1.9,0.51
3651480,3825360,0,0,0,0,2.6,0.57,4.6,0.0,0.0,0.0,0.9,35,0.3,2.3,2.6,0.57,4.6,1.3,0.62,2.1,52,4,7476840,14.6,1.0,2.4,6.5,Nene Hilario,C,0.5,Non-Bird Rights,0.7,3.3,0.57
1567007,0,0,0,0,0,1.4,0.64,2.2,0.0,0.0,0.0,0.6,31,1.1,2.6,1.4,0.64,2.2,0.6,0.55,1.1,61,1,1567007,12.0,1.4,2.0,3.5,Salah Mejri,C,0.4,,0.6,4.0,0.64
4536120,5300400,6731508,0,0,0,3.4,0.5,6.8,2.1,0.36,5.9,1.2,20,0.6,6.3,5.5,0.43,12.7,2.1,0.88,2.4,68,68,9836520,29.7,1.2,1.5,15.2,Lauri Markkanen,PF,0.6,1st Round Pick,1.2,7.5,0.52
4449000,0,0,0,0,0,2.9,0.5,5.8,0.8,0.29,2.8,2.9,27,0.2,4.4,3.7,0.43,8.6,1.0,0.67,1.5,82,7,4449000,22.6,0.8,2.2,9.2,Lance Stephenson,SG,0.6,,1.6,5.2,0.48
11286516,3000000,0,0,0,0,0.5,0.42,1.19,0.0,0.0,0.0,0.17,31,0.19,2.09,0.5,0.42,1.19,0.22,0.3,0.73,36,0,14286516,10.09,0.5,1.11,1.22,Omer Asik,C,0.12,,0.52,2.59,0.42
1544951,1701735,0,0,0,0,1.78,0.56,3.19,0.1,0.37,0.27,0.68,23,0.32,2.51,1.9,0.56,3.41,1.22,0.65,1.89,96,2,1544951,10.31,1.28,1.32,5.11,Willy Hernangomez,C,0.4,Cap Space,0.71,3.79,0.57
2807880,3280920,5029650,0,0,0,1.9,0.56,3.4,0.8,0.3,2.7,1.1,22,0.2,2.4,2.7,0.44,6.2,0.4,0.8,0.5,68,41,6088800,22.1,0.4,1.2,6.7,Justin Jackson,SF,0.4,1st Round Pick,0.6,2.8,0.5
5450000,0,0,0,0,0,1.2,0.48,2.5,0.1,0.1,1.0,0.4,31,0.4,1.1,1.4,0.4,3.5,0.6,1.0,0.6,33,2,5450000,8.6,0.5,1.3,3.4,Jason Smith,C,0.1,,0.5,1.6,0.41
17469565,18539130,0,0,0,0,2.9,0.56,5.2,1.1,0.3,3.7,7.3,27,1.3,6.6,4.0,0.45,8.8,1.9,0.76,2.5,70,70,36008695,32.7,1.1,2.6,11.0,Draymond Green,PF,1.4,Bird Rights,2.9,7.699999999999999,0.52
6000000,5700000,0,0,0,0,4.1,0.51,8.1,1.0,0.33,3.0,2.5,28,0.2,2.6,5.1,0.46,11.0,2.7,0.77,3.5,69,50,7000000,29.4,0.9,2.5,13.9,Jonathon Simmons,SG,0.8,Cap space,2.1,3.5,0.51
10000000,0,0,0,0,0,1.4,0.41,3.4,1.7,0.37,4.6,1.6,30,1.1,3.0,3.1,0.39,8.0,0.7,0.78,0.9,70,60,10000000,25.6,0.6,1.7,8.6,Danny Green,SG,0.9,Bird Rights,1.1,3.6,0.49
76236,0,0,0,0,0,1.5,0.38,4.0,2.5,0.56,4.5,3.5,32,1.5,2.5,4.0,0.47,8.5,1.5,1.0,1.5,2,0,76236,32.0,0.5,1.5,12.0,Andre Ingram,SG,1.5,,1.5,3.0,0.62
2393887,0,0,0,0,0,3.99,0.47,8.5,0.48,0.29,1.68,3.39,36,0.7,3.02,4.48,0.44,10.21,2.0,0.71,2.8,134,6,2393887,22.89,0.7,1.87,11.43,Dwyane Wade,SG,0.9,Minimum Salary,2.1,3.7199999999999998,0.46
9607500,9607500,0,0,0,0,0.7,0.37,1.9,0.8,0.38,2.1,3.8,27,0.0,1.3,1.4,0.35,4.0,0.7,1.0,0.7,38,3,19215000,18.7,0.4,1.8,4.3,Matthew Dellavedova,PG,0.4,Cap Space,1.3,1.7000000000000002,0.45
6500000,6825000,7150000,0,0,0,1.4,0.5,2.8,1.1,0.41,2.7,1.3,29,0.2,3.3,2.6,0.47,5.5,0.5,0.71,0.7,67,21,13325000,20.5,0.8,2.1,6.8,Nemanja Bjelica,PF,0.7,,0.8,4.1,0.57
5193600,5453280,0,0,0,0,2.6,0.5,5.2,0.0,0.0,0.3,1.1,31,0.6,3.8,2.6,0.47,5.5,0.7,0.7,1.0,81,67,5193600,18.3,1.6,2.5,6.0,Aron Baynes,C,0.3,,1.0,5.4,0.47
2516048,0,0,0,0,0,1.4,0.54,2.6,0.9,0.33,2.7,0.7,24,0.2,1.8,2.3,0.43,5.3,0.7,0.7,1.0,38,0,2516048,13.7,0.7,1.4,6.2,Justin Anderson,SF,0.4,1st Round pick,0.4,2.5,0.52
1378242,1618520,0,0,0,0,1.1,0.46,2.4,0.3,0.37,0.8,0.9,23,0.3,1.5,1.4,0.44,3.2,0.8,0.67,1.2,73,17,1378242,15.8,0.5,1.7,3.9,Sindarius Thornwell,SG,0.7,MLE,0.7,2.0,0.48
1952760,2281800,3872215,0,0,0,1.5,0.71,2.1,0.0,0.0,0.0,0.2,21,0.4,1.1,1.5,0.71,2.1,0.7,0.78,0.9,32,2,4234560,6.7,0.8,0.9,3.7,Ante Zizic,C,0.1,1st Round Pick,0.3,1.9000000000000001,0.71
2667600,0,0,0,0,0,1.0,0.5,2.0,0.0,0.0,0.0,0.0,20,0.0,0.0,1.0,0.5,2.0,0.0,0.0,0.0,1,0,2667600,4.0,0.0,1.0,2.0,Justin Patton,C,1.0,,0.0,0.0,0.5
8000000,8000000,1500000,0,0,0,5.0,0.48,10.4,2.4,0.36,6.6,5.3,31,0.2,2.0,7.4,0.44,16.9,5.5,0.89,6.2,79,19,16000000,32.8,0.5,1.3,22.6,Lou Williams,SG,1.1,Cap Space,3.0,2.5,0.51
1715867,0,0,0,0,0,2.6,0.6,4.3,0.0,0.0,0.0,0.6,21,0.6,2.8,2.6,0.6,4.3,0.6,0.67,0.9,62,6,1715867,15.2,1.2,2.0,5.8,Deyonta Davis,C,0.2,/,0.5,4.0,0.6
10500000,0,0,0,0,0,3.1,0.53,5.8,1.9,0.4,4.8,1.5,28,0.1,3.0,5.1,0.48,10.7,2.2,0.85,2.6,80,80,10500000,30.8,0.4,1.6,14.3,Bojan Bogdanovic,SF,0.7,Cap space,1.3,3.4,0.57
5250000,0,0,0,0,0,2.3,0.56,4.1,0.8,0.36,2.2,0.9,33,0.3,3.5,3.1,0.49,6.3,1.2,0.86,1.4,38,6,5250000,21.2,0.8,1.6,8.2,Thabo Sefolosha,SF,1.4,Cap space,0.8,4.3,0.56
15978887,0,0,0,0,0,2.6,0.63,4.1,0.0,0.0,0.0,1.2,35,0.6,6.2,2.6,0.63,4.1,1.3,0.65,2.0,46,46,13585000,25.0,2.9,2.3,6.5,Tyson Chandler,C,0.3,/,1.3,9.1,0.63
8333333,8730158,0,0,0,0,0.9,0.43,2.1,2.3,0.35,6.5,0.8,30,0.3,1.9,3.2,0.37,8.6,1.2,0.86,1.4,70,3,17063491,19.1,0.3,1.9,10.0,C.J. Miles,SF,0.5,MLE,0.6,2.1999999999999997,0.51
1544951,2351839,0,0,0,0,2.8,0.62,4.5,0.4,0.25,1.6,2.0,23,0.5,3.5,3.1,0.51,6.1,0.7,0.64,1.1,81,5,3896790,20.7,1.0,2.0,7.3,Pascal Siakam,PF,0.8,1st Round pick,0.8,4.5,0.54
449794,1588231,0,0,0,0,1.0,1.0,1.0,0.0,0.0,0.0,0.0,22,0.0,1.0,1.0,1.0,1.0,0.0,0.0,0.0,1,0,449794,2.0,0.0,1.0,2.0,Edmond Sumner,PG,0.0,Two-Way Contract,0.0,1.0,1.0
2526840,3481986,0,0,0,0,3.2,0.51,6.3,2.0,0.39,5.1,2.6,23,0.3,4.7,5.2,0.46,11.4,2.3,0.85,2.7,78,73,6008826,29.6,2.0,2.1,14.6,Dario Saric,PF,0.7,1st Round pick,1.9,6.7,0.54
2205000,0,0,0,0,0,0.8,0.5,1.6,1.8,0.41,4.4,1.4,27,0.2,1.8,2.6,0.44,5.9,0.7,0.87,0.8,82,3,2205000,23.7,0.2,2.0,7.8,Darius Miller,SF,0.3,MLE,0.7,2.0,0.59
8641000,9073050,9505100,9937150,0,0,2.9,0.57,5.1,0.3,0.37,0.8,2.7,24,0.8,4.2,3.1,0.53,5.9,1.4,0.7,2.0,74,67,37156300,26.7,1.1,1.5,7.9,Kyle Anderson,SF,1.6,MLE,1.3,5.300000000000001,0.55
2540992,0,0,0,0,0,1.52,0.53,2.89,0.4,0.26,1.51,0.91,31,0.18,1.52,1.98,0.45,4.4,0.89,0.71,1.26,144,36,4811488,16.81,0.59,1.9,5.3,Corey Brewer,SF-SG,1.11,//,0.69,2.11,0.5
16900000,16900000,0,0,0,0,4.9,0.59,8.3,0.2,0.25,0.8,1.3,26,1.1,4.6,5.1,0.56,9.1,1.8,0.64,2.8,77,77,16000000,28.0,2.6,2.1,12.3,Derrick Favors,C,0.7,,1.1,7.199999999999999,0.57
3500000,3500000,3500000,0,0,0,0.4,0.33,1.2,2.1,0.47,4.5,1.0,32,0.1,2.0,2.5,0.44,5.7,0.0,0.0,0.0,10,0,10500000,15.9,0.3,1.4,7.1,Mirza Teletovic,PF,0.4,,0.7,2.3,0.62
13155323,0,0,0,0,0,3.4,0.47,7.3,2.2,0.37,5.9,4.0,25,0.3,1.9,5.6,0.42,13.2,1.7,0.65,2.6,61,59,13155323,33.7,0.4,2.5,15.1,Austin Rivers,SG,1.2,/,1.8,2.3,0.51
17043478,18086956,0,0,0,0,4.3,0.47,9.1,1.2,0.32,3.8,5.3,27,0.1,2.1,5.5,0.43,12.8,2.5,0.83,3.0,45,45,35130434,26.7,0.6,1.9,14.6,Reggie Jackson,PG,0.6,Bird Rights,2.2,2.7,0.48
8653847,9000000,0,0,0,0,1.6,0.43,3.7,1.4,0.41,3.4,3.2,23,0.3,2.1,3.1,0.43,7.2,1.1,0.85,1.3,76,0,17653847,20.0,0.3,1.7,8.6,Fred VanVleet,PG,0.9,Bird Rights,1.0,2.4,0.53
30560700,33005556,35450412,37895268,0,0,4.2,0.45,9.3,3.1,0.4,7.7,3.3,27,0.5,4.7,7.3,0.43,17.0,4.3,0.83,5.2,79,79,99016668,36.6,0.9,2.9,21.9,Paul George,SF,2.0,Maximum Salary,2.7,5.6000000000000005,0.52
11327466,9732396,0,0,0,0,3.8,0.58,6.5,0.0,0.0,0.1,1.5,27,1.4,4.8,3.8,0.58,6.6,1.2,0.57,2.1,76,69,21059862,25.9,2.0,2.7,8.8,John Henson,C,0.6,1st Round Pick,1.1,6.8,0.58
2029463,0,0,0,0,0,3.2,0.44,7.28,1.71,0.29,5.88,4.78,28,0.1,1.57,4.91,0.37,13.18,3.67,0.9,4.09,64,30,2029463,26.92,0.53,1.8,15.19,Isaiah Thomas,PG,0.5,Minimum Salary,2.98,2.1,0.44
1378242,1618520,0,0,0,0,0.9,0.43,2.1,0.6,0.35,1.7,0.5,22,0.2,2.1,1.5,0.39,3.8,0.4,1.0,0.4,54,4,1378242,14.4,0.5,1.5,4.0,Sterling Brown,SG,0.6,MLE,0.5,2.6,0.47
4075000,4150000,0,0,0,0,1.0,0.45,2.2,0.6,0.4,1.5,0.7,24,0.0,1.1,1.6,0.43,3.7,0.4,0.8,0.5,23,1,4075000,14.7,0.5,0.6,4.1,Glenn Robinson,SF,0.6,MLE,0.2,1.6,0.51
2393887,0,0,0,0,0,1.2,0.66,1.82,0.73,0.34,2.17,0.69,34,0.23,2.33,1.98,0.5,3.98,0.3,0.83,0.36,106,2,2393887,13.12,0.2,1.29,4.98,Channing Frye,C,0.32,Minimum Salary,0.4,2.5300000000000002,0.59
9600000,9600000,9600000,0,0,0,2.6,0.53,4.9,0.4,0.31,1.3,3.1,22,0.2,1.6,3.0,0.48,6.2,1.8,0.82,2.2,14,0,27300000,16.8,0.3,1.4,8.1,Dante Exum,PG,0.6,Cap Space,1.4,1.9000000000000001,0.52
6434520,8113930,0,0,0,0,6.7,0.55,12.2,0.0,0.0,0.1,8.2,21,0.9,6.3,6.7,0.54,12.3,2.4,0.57,4.2,81,81,14548450,33.7,1.8,2.6,15.8,Ben Simmons,PG,1.7,1st Round pick,3.4,8.1,0.54
1378242,0,0,0,0,0,0.4,0.5,0.8,0.0,0.0,0.0,0.0,19,0.3,0.4,0.4,0.5,0.8,0.5,1.0,0.5,11,0,1378242,2.7,0.5,0.1,1.2,Ike Anigbogu,C,0.1,,0.2,0.9,0.5
24119025,25595700,0,0,0,0,4.5,0.46,9.8,1.5,0.34,4.4,4.2,33,1.4,7.0,5.9,0.42,14.2,3.8,0.83,4.6,73,73,24119025,33.0,1.1,2.5,17.2,Marc Gasol,C,0.7,Bird Rights,2.7,8.1,0.47
15000000,0,0,0,0,0,1.5,0.54,2.8,2.5,0.36,6.9,1.6,32,0.2,3.9,4.0,0.41,9.7,1.1,0.85,1.3,67,67,15000000,33.9,0.5,2.0,11.7,Trevor Ariza,SF,1.5,Cap Space,0.8,4.4,0.54
1621415,1845301,0,0,0,0,1.81,0.56,3.21,0.72,0.34,2.13,0.99,27,0.28,2.09,2.51,0.47,5.31,1.31,0.82,1.6,144,44,1621415,22.29,1.01,1.89,7.11,James Ennis,SF,0.68,,0.78,3.0999999999999996,0.54
18500000,18500000,0,0,0,0,1.8,0.46,3.9,2.7,0.38,7.1,1.6,25,0.5,3.9,4.5,0.41,11.0,1.5,0.83,1.8,75,68,18500000,29.3,0.4,2.2,13.2,Allen Crabbe,SG,0.6,Cap Space,1.0,4.3,0.53
1544951,0,0,0,0,0,3.8,0.54,7.1,1.3,0.38,3.4,3.2,25,0.3,2.8,5.1,0.49,10.5,1.6,0.89,1.8,48,20,1544951,29.9,0.5,2.7,13.0,Malcolm Brogdon,PG,0.9,Cap Space,1.4,3.3,0.55
3774177,0,0,0,0,0,1.1,0.46,2.4,0.9,0.33,2.7,0.9,30,0.1,1.4,2.0,0.39,5.1,1.3,0.87,1.5,77,0,4093854,14.5,0.2,0.7,6.3,Jodie Meeks,SG,0.4,//,0.5,1.5999999999999999,0.48
27928140,0,0,0,0,0,3.9,0.44,8.9,2.2,0.36,6.1,1.3,33,0.6,4.9,6.1,0.41,15.0,1.9,0.76,2.5,78,78,27928140,32.1,0.9,2.5,16.2,Carmelo Anthony,PF,0.6,/,1.3,5.800000000000001,0.48
2165481,0,0,0,0,0,1.3,0.52,2.5,0.9,0.43,2.1,0.6,30,0.2,2.6,2.1,0.46,4.6,0.6,0.75,0.8,74,19,2165481,15.3,0.7,1.7,5.8,Jonas Jerebko,PF,0.3,Minimum Salary,0.4,3.3,0.55
3000000,3150000,0,0,0,0,2.2,0.49,4.5,1.6,0.36,4.4,2.5,24,0.1,2.7,3.8,0.43,8.9,1.0,0.77,1.3,82,21,3000000,27.8,0.3,1.9,10.2,Yogi Ferrell,SG,0.8,Cap Space,1.0,3.0,0.52
213949,0,0,0,0,0,0.4,0.4,1.0,1.5,0.36,4.2,0.8,27,0.4,3.1,1.9,0.37,5.2,0.7,0.78,0.9,70,8,213949,19.4,0.6,2.1,5.9,Quincy Acy,PF,0.5,,0.9,3.7,0.51
9173295,0,0,0,0,0,3.5,0.53,6.6,1.0,0.36,2.8,1.9,28,0.5,4.6,4.5,0.48,9.4,1.4,0.78,1.8,73,73,9173295,27.0,1.0,3.0,11.5,Markieff Morris,PF,0.8,/Cap Space,1.7,5.6,0.53
5169960,6534829,0,0,0,0,3.6,0.51,7.1,1.7,0.39,4.4,1.6,21,0.4,4.0,5.3,0.46,11.5,2.1,0.64,3.3,70,70,11704789,30.7,0.9,2.6,14.5,Jaylen Brown,SG,1.0,1st Rd pick,1.8,4.9,0.53
4221000,5348007,0,0,0,0,4.7,0.46,10.2,0.8,0.31,2.6,6.0,23,0.5,3.8,5.5,0.43,12.8,1.6,0.73,2.2,52,43,9569007,29.3,0.5,3.3,13.4,Kris Dunn,PG,2.0,1st Round pick,2.9,4.3,0.46
19169800,37800000,40824000,43848000,46872000,0,5.3,0.43,12.2,1.5,0.37,4.1,9.6,27,1.1,3.1,6.8,0.42,16.3,4.3,0.73,5.9,41,41,141641800,34.4,0.5,2.0,19.4,John Wall,PG,1.4,Bird Rights,3.9,3.6,0.46
2176260,0,0,0,0,0,2.1,0.6,3.5,0.2,0.5,0.4,1.0,29,0.4,3.2,2.3,0.59,3.9,0.9,0.69,1.3,53,7,2176260,14.0,0.6,1.3,5.7,Omri Casspi,SF,0.3,,0.7,3.8000000000000003,0.62
2955840,3454080,5115492,0,0,0,2.5,0.52,4.8,0.0,0.0,0.1,1.5,20,0.6,3.8,2.5,0.51,4.9,1.9,0.73,2.6,69,19,6409920,19.8,1.7,2.0,6.9,Bam Adebayo,C,0.5,1st Round Pick,1.0,5.5,0.51
21590909,19863636,18136364,16409091,0,0,4.5,0.5,9.0,2.0,0.34,5.9,2.3,22,0.8,6.4,6.5,0.44,14.9,2.7,0.69,3.9,58,57,76000000,32.9,1.5,1.9,17.6,Aaron Gordon,PF,1.0,,1.8,7.9,0.5
16000000,16720000,0,0,0,0,1.5,0.62,2.4,0.1,0.17,0.6,0.4,31,0.4,2.1,1.7,0.57,3.0,0.7,0.7,1.0,31,13,32720000,11.6,1.0,1.3,4.2,Timofey Mozgov,C,0.2,Cap Space,1.1,3.1,0.58
13500375,14057730,0,0,0,0,2.9,0.56,5.2,3.2,0.36,8.8,2.2,29,0.4,2.1,6.0,0.43,14.1,2.8,0.8,3.5,69,30,27558105,31.2,0.4,1.7,18.0,Eric Gordon,SG,0.6,Cap Space,1.9,2.5,0.54
950000,0,0,0,0,0,2.1,0.46,4.6,0.3,0.25,1.2,3.1,23,0.1,1.1,2.4,0.41,5.8,1.5,0.71,2.1,67,9,950000,17.4,0.3,1.7,6.6,Isaiah Taylor,PG,0.5,,1.3,1.4000000000000001,0.44
14000000,0,0,0,0,0,5.1,0.59,8.6,0.1,0.25,0.4,1.2,32,0.7,4.8,5.2,0.58,9.0,1.7,0.74,2.3,82,82,14000000,33.2,2.4,2.7,12.2,Taj Gibson,PF,0.8,Cap space,1.1,7.199999999999999,0.58
2667600,3117240,4781846,0,0,0,0.4,0.57,0.7,0.4,0.36,1.1,0.5,22,0.2,1.1,0.8,0.44,1.8,0.5,0.71,0.7,33,4,5784840,7.1,0.5,0.7,2.4,Guerschon Yabusele,PF,0.1,1st Round Pick,0.4,1.6,0.56
13528090,14471910,15415730,0,0,0,2.5,0.54,4.6,0.1,1.0,0.1,0.9,25,0.6,3.3,2.6,0.55,4.7,1.8,0.69,2.6,33,0,43415730,19.0,2.0,2.5,7.1,Cody Zeller,C,0.4,1st Round Pick,1.0,5.3,0.56
156924,122741,122741,122741,122741,0,1.89,0.56,3.37,0.49,0.27,1.79,0.79,23,0.18,1.97,2.42,0.46,5.21,0.97,0.68,1.42,42,2,647888,14.63,1.01,1.62,6.31,Troy Williams,SF,0.97,/,0.92,2.98,0.51
1544951,0,0,0,0,0,0.3,0.37,0.8,0.1,0.17,0.6,0.3,23,0.1,0.3,0.4,0.31,1.3,0.1,1.0,0.1,35,1,1544951,4.6,0.1,0.4,1.0,Jake Layman,SF,0.2,Cap Space,0.1,0.4,0.35
8653076,0,0,0,0,0,0.8,0.5,1.6,2.9,0.39,7.5,1.0,30,0.1,2.5,3.7,0.41,9.1,0.9,0.9,1.0,77,2,8653076,26.5,0.3,1.2,11.2,Wayne Ellington,SG,0.7,/,0.7,2.8,0.57
1378242,1618520,0,0,0,0,2.2,0.39,5.7,0.6,0.35,1.7,2.8,23,0.2,1.9,2.8,0.38,7.3,1.8,0.82,2.2,52,2,1378242,18.9,0.6,1.4,7.9,Frank Mason,PG,0.7,,1.3,2.5,0.42
37457154,40231758,43006362,45780966,0,0,4.2,0.59,7.1,4.2,0.43,9.8,6.1,29,0.2,4.4,8.4,0.5,16.9,5.5,0.93,5.9,51,51,166476240,32.0,0.7,2.2,26.4,Stephen Curry,PG,1.6,Bird Rights,3.0,5.1000000000000005,0.62
25434263,27093018,0,0,0,0,5.7,0.53,10.7,0.0,0.0,0.0,1.0,28,1.7,8.2,5.8,0.54,10.7,2.4,0.71,3.4,54,54,25434263,25.3,3.2,2.4,14.0,Hassan Whiteside,C,0.7,Cap Space,1.7,11.399999999999999,0.54
12400000,0,0,0,0,0,4.8,0.48,10.1,2.2,0.4,5.5,5.2,28,0.3,4.3,7.0,0.45,15.6,3.2,0.8,4.0,52,32,12400000,30.9,0.8,1.8,19.4,Tyreke Evans,PG,1.1,,2.3,5.1,0.52
20099189,21329750,0,0,0,0,6.1,0.54,11.3,2.8,0.41,6.8,5.1,25,0.3,3.2,8.9,0.49,18.1,3.9,0.89,4.4,60,60,20099189,32.2,0.6,2.0,24.4,Kyrie Irving,PG,1.1,Bird Rights,2.3,3.8000000000000003,0.57
10000000,0,0,0,0,0,3.2,0.51,6.3,1.4,0.47,3.0,5.3,30,0.2,2.0,4.6,0.5,9.2,1.8,0.86,2.1,69,64,10000000,29.2,0.5,1.8,12.4,Darren Collison,PG,1.3,Cap space,1.2,2.5,0.58
14465421,0,0,0,0,0,4.0,0.4,10.0,1.0,0.5,2.0,4.0,29,0.0,0.0,5.0,0.42,12.0,7.0,1.0,7.0,1,1,14465421,25.0,0.0,3.0,18.0,Jeremy Lin,PG,0.0,/,3.0,0.0,0.46
1349383,0,0,0,0,0,0.5,0.5,1.0,0.3,0.37,0.8,1.3,22,0.0,0.8,0.8,0.44,1.8,0.0,0.0,0.0,6,0,1349383,4.7,0.0,0.3,2.0,Daniel Hamilton,SG,0.2,,0.3,0.8,0.53
24157304,25842697,27528090,0,0,0,9.3,0.55,16.8,0.6,0.32,1.9,4.8,23,1.4,8.0,9.9,0.53,18.7,6.5,0.76,8.5,75,75,77528091,36.7,2.1,3.1,26.9,Giannis Antetokounmpo,PF,1.5,1st Round Pick,3.0,10.1,0.55
8333333,7670000,0,0,0,0,2.0,0.59,3.4,1.9,0.41,4.6,1.6,26,0.3,2.7,3.9,0.49,8.0,1.1,0.85,1.3,78,14,16003333,25.3,0.7,2.0,10.8,Joe Harris,SG,0.4,Early Bird Rights,1.2,3.4000000000000004,0.61
